reporting_week,[DROPPED] rtbr_week,reporting_date,reporting_month,product_pillar,product_group,gross_revenue_actual,net_revenue_actual,gross_revenue_budget,net_revenue_budget
2/23/26,,2/24/26,2/1/26,Money Management,issuing,673927.4415,316404.731,559016.5843,253603.9809
2/9/26,,2/14/26,2/1/26,Money Management,issuing,741308.1423,348039.5498,664790.6076,301589.5222
1/22/24,,1/22/24,1/1/24,Money Management,issuing,258799.4567,148254.1251,,
6/10/24,,6/11/24,6/1/24,Money Management,issuing,410796.6782,208826.7514,,
7/21/25,,7/22/25,7/1/25,Money Management,issuing,545328.8167,246696.4387,,
12/18/23,,12/18/23,12/1/23,Money Management,issuing,262775.3035,86922.31246,,
8/28/23,,8/31/23,8/1/23,Money Management,issuing,345694.6498,237633.7358,,
7/24/23,,7/30/23,7/1/23,Money Management,issuing,220278.7613,134960.1204,,
7/17/23,,7/20/23,7/1/23,Money Management,issuing,325441.4525,199391.0687,,
4/22/24,,4/25/24,4/1/24,Money Management,issuing,441352.7114,241175.5197,,
1/27/25,,2/2/25,2/1/25,Money Management,issuing,721883.2718,379545.4693,,
2/20/23,,2/21/23,2/1/23,Money Management,issuing,253184.1118,92020.83351,,
6/23/25,,6/29/25,6/1/25,Money Management,issuing,419158.6913,173040.2745,,
9/9/24,,9/13/24,9/1/24,Money Management,issuing,468510.8126,210869.5266,,
3/10/25,,3/11/25,3/1/25,Money Management,issuing,515804.7584,215181.7006,,
4/28/25,,4/30/25,4/1/25,Money Management,issuing,569208.9522,256646.1713,,
4/7/25,,4/9/25,4/1/25,Money Management,issuing,589935.1075,265991.2254,,
4/7/25,,4/7/25,4/1/25,Money Management,issuing,431064.7246,194359.4013,,
5/8/23,,5/11/23,5/1/23,Money Management,issuing,287683.2679,150177.157,,
3/11/24,,3/13/24,3/1/24,Money Management,issuing,402705.9778,203285.3056,,
8/18/25,,8/21/25,8/1/25,Money Management,issuing,606318.735,265199.4652,,
5/27/24,,5/29/24,5/1/24,Money Management,issuing,387236.316,184730.0868,,
5/19/25,,5/20/25,5/1/25,Money Management,issuing,538660.2024,279573.4774,,
5/5/25,,5/8/25,5/1/25,Money Management,issuing,609778.1695,316484.8685,,
8/26/24,,8/27/24,8/1/24,Money Management,issuing,425769.0225,198498.0523,,
4/8/24,,4/14/24,4/1/24,Money Management,issuing,300761.706,164350.0966,,
2/13/23,,2/14/23,2/1/23,Money Management,issuing,258957.2748,94119.11397,,
1/30/23,,2/5/23,2/1/23,Money Management,issuing,200321.2003,72807.58531,,
6/9/25,,6/15/25,6/1/25,Money Management,issuing,430732.3265,177818.1904,,
5/26/25,,6/1/25,6/1/25,Money Management,issuing,420971.0646,173788.4722,,
9/16/24,,9/22/24,9/1/24,Money Management,issuing,324847.9596,146209.0812,,
3/31/25,,3/31/25,3/1/25,Money Management,issuing,406912.26,169754.293,,
3/17/25,,3/21/25,3/1/25,Money Management,issuing,574592.2229,239706.4581,,
12/22/25,,12/24/25,12/1/25,Money Management,issuing,740548.5672,337780.5981,,
12/22/25,,12/23/25,12/1/25,Money Management,issuing,748592.235,341449.493,,
4/17/23,,4/18/23,4/1/23,Money Management,issuing,331136.9803,175906.6964,,
2/9/26,,2/13/26,2/1/26,Money Management,issuing,752545.7915,353315.556,674723.2589,306095.5779
5/22/23,,5/22/23,5/1/23,Money Management,issuing,171202.0145,89371.31448,,
3/25/24,,3/31/24,3/1/24,Money Management,issuing,270991.6581,136796.1368,,
3/25/24,,3/29/24,3/1/24,Money Management,issuing,428633.3542,216373.4019,,
3/4/24,,3/10/24,3/1/24,Money Management,issuing,265110.4423,133827.3089,,
1/29/24,,1/29/24,1/1/24,Money Management,issuing,262269.2802,150241.825,,
1/8/24,,1/10/24,1/1/24,Money Management,issuing,367988.2159,210803.2672,,
1/8/24,,1/8/24,1/1/24,Money Management,issuing,233036.2687,133495.5977,,
6/17/24,,6/18/24,6/1/24,Money Management,issuing,395518.4224,201060.1148,,
6/3/24,,6/7/24,6/1/24,Money Management,issuing,474920.4186,241423.7832,,
10/20/25,,10/25/25,10/1/25,Money Management,issuing,668911.9697,284893.6968,,
9/29/25,,10/3/25,10/1/25,Money Management,issuing,754579.0573,321379.8331,,
7/14/25,,7/16/25,7/1/25,Money Management,issuing,590916.219,267319.317,,
9/25/23,,10/1/23,10/1/23,Money Management,issuing,257981.4376,139271.9899,,
5/6/24,,5/6/24,5/1/24,Money Management,issuing,289970.934,138329.887,,
7/15/24,,7/19/24,7/1/24,Money Management,issuing,466268.8212,228886.2192,,
9/25/23,,9/29/23,9/1/23,Money Management,issuing,338992.4575,119923.3919,,
7/3/23,,7/8/23,7/1/23,Money Management,issuing,339798.3269,208187.2208,,
11/10/25,,11/15/25,11/1/25,Money Management,issuing,728867.0862,365347.5297,,
2/24/25,,2/28/25,2/1/25,Money Management,issuing,625169.229,328696.0062,,
3/9/26,,3/11/26,3/1/26,Money Management,issuing,669110.394,298327.8227,625497.2275,279187.7465
6/2/25,,6/8/25,6/1/25,Money Management,issuing,415635.4062,171585.7651,,
12/30/24,,12/31/24,12/1/24,Money Management,issuing,398426.4026,180297.459,,
9/1/25,,9/1/25,9/1/25,Money Management,issuing,411079.5667,177915.0714,,
10/28/24,,11/1/24,11/1/24,Money Management,issuing,486886.4931,254097.3727,,
2/9/26,,2/11/26,2/1/26,Money Management,issuing,717051.1358,336651.0365,624537.2314,283328.1382
5/1/23,,5/2/23,5/1/23,Money Management,issuing,336734.2212,175782.8614,,
7/14/25,,7/18/25,7/1/25,Money Management,issuing,606819.0707,274513.4662,,
5/6/24,,5/9/24,5/1/24,Money Management,issuing,452981.9704,216093.8819,,
10/28/24,,10/29/24,10/1/24,Money Management,issuing,450296.9125,175806.5204,,
4/15/24,,4/21/24,4/1/24,Money Management,issuing,292197.2839,159670.1005,,
4/1/24,,4/7/24,4/1/24,Money Management,issuing,300145.3891,164013.3126,,
2/24/25,,2/27/25,2/1/25,Money Management,issuing,597578.7989,314189.7513,,
2/20/23,,2/22/23,2/1/23,Money Management,issuing,290129.7005,105448.8636,,
3/27/23,,4/2/23,4/1/23,Money Management,issuing,320088.2736,170037.3987,,
1/20/25,,1/24/25,1/1/25,Money Management,issuing,475172.17,156169.5578,,
3/4/24,,3/8/24,3/1/24,Money Management,issuing,422654.0701,213355.0693,,
6/24/24,,6/29/24,6/1/24,Money Management,issuing,490041.8743,249110.7112,,
8/25/25,,8/25/25,8/1/25,Money Management,issuing,431414.8126,188697.7442,,
10/16/23,,10/22/23,10/1/23,Money Management,issuing,236916.7943,127900.1842,,
9/4/23,,9/4/23,9/1/23,Money Management,issuing,219768.1035,77746.08498,,
11/6/23,,11/10/23,11/1/23,Money Management,issuing,391044.7532,197133.6866,,
10/30/23,,11/5/23,11/1/23,Money Management,issuing,244329.5346,123171.5335,,
10/30/23,,11/4/23,11/1/23,Money Management,issuing,362998.1526,182994.8196,,
11/10/25,,11/14/25,11/1/25,Money Management,issuing,700354.6017,351055.5333,,
11/3/25,,11/5/25,11/1/25,Money Management,issuing,735357.4812,368600.8661,,
2/10/25,,2/12/25,2/1/25,Money Management,issuing,581280.4087,305620.5264,,
3/9/26,,3/15/26,3/1/26,Money Management,issuing,683711.4747,304837.8226,639146.5978,285280.0788
3/2/26,,3/3/26,3/1/26,Money Management,issuing,846227.8513,377296.9522,791070.023,353090.3853
12/2/24,,12/5/24,12/1/24,Money Management,issuing,595700.1195,269568.5255,,
9/23/24,,9/29/24,9/1/24,Money Management,issuing,322418.7876,145115.7481,,
9/9/24,,9/9/24,9/1/24,Money Management,issuing,351749.4704,158317.0384,,
3/3/25,,3/6/25,3/1/25,Money Management,issuing,582731.0776,243101.7982,,
4/21/25,,4/23/25,4/1/25,Money Management,issuing,565402.5861,254929.9487,,
3/18/24,,3/19/24,3/1/24,Money Management,issuing,370153.3797,186852.8084,,
1/22/24,,1/28/24,1/1/24,Money Management,issuing,270910.3221,155191.8745,,
8/18/25,,8/23/25,8/1/25,Money Management,issuing,560727.5957,245258.2279,,
7/7/25,,7/11/25,7/1/25,Money Management,issuing,608388.7284,275223.5496,,
10/16/23,,10/18/23,10/1/23,Money Management,issuing,339205.5988,183121.0771,,
7/29/24,,7/31/24,7/1/24,Money Management,issuing,444608.4041,218253.3595,,
7/22/24,,7/26/24,7/1/24,Money Management,issuing,463622.3857,227587.1133,,
5/12/25,,5/12/25,5/1/25,Money Management,issuing,429156.175,222739.0917,,
4/8/24,,4/8/24,4/1/24,Money Management,issuing,278302.9724,152077.6066,,
11/17/25,,11/18/25,11/1/25,Money Management,issuing,648019.8463,324822.5287,,
2/6/23,,2/9/23,2/1/23,Money Management,issuing,283737.3359,103125.5317,,
3/23/26,,3/28/26,3/1/26,Money Management,issuing,,,571295.3805,254995.007
6/16/25,,6/22/25,6/1/25,Money Management,issuing,383769.1634,158430.5008,,
3/24/25,,3/30/25,3/1/25,Money Management,issuing,376463.241,157051.6734,,
1/5/26,,1/8/26,1/1/26,Money Management,issuing,678865.7296,298725.1892,560792.5049,251461.7893
4/3/23,,4/9/23,4/1/23,Money Management,issuing,229511.9218,121921.3991,,
1/13/25,,1/17/25,1/1/25,Money Management,issuing,484861.9964,159354.2054,,
1/26/26,,2/1/26,2/1/26,Money Management,issuing,521092.0729,244649.4786,557448.271,252892.4984
5/15/23,,5/21/23,5/1/23,Money Management,issuing,187858.2031,98066.22074,,
1/23/23,,1/28/23,1/1/23,Money Management,issuing,262948.9256,97682.33228,,
6/30/25,,7/6/25,7/1/25,Money Management,issuing,316714.8377,143275.8001,,
10/2/23,,10/4/23,10/1/23,Money Management,issuing,356913.187,192680.5674,,
4/29/24,,5/4/24,5/1/24,Money Management,issuing,486780.2545,232217.2662,,
8/28/23,,9/3/23,9/1/23,Money Management,issuing,327819.4422,115970.7792,,
12/25/23,,12/26/23,12/1/23,Money Management,issuing,101288.5997,33504.82026,,
2/13/23,,2/15/23,2/1/23,Money Management,issuing,292060.0826,106150.4691,,
9/15/25,,9/18/25,9/1/25,Money Management,issuing,614025.158,265749.8419,,
3/17/25,,3/20/25,3/1/25,Money Management,issuing,537481.6082,224224.7762,,
3/10/25,,3/16/25,3/1/25,Money Management,issuing,389368.158,162435.3034,,
1/13/25,,1/15/25,1/1/25,Money Management,issuing,452453.3713,148702.8227,,
12/30/24,,1/5/25,1/1/25,Money Management,issuing,313683.4531,103094.8554,,
11/4/24,,11/4/24,11/1/24,Money Management,issuing,364379.057,190162.9278,,
5/8/23,,5/9/23,5/1/23,Money Management,issuing,249202.7537,130089.4603,,
1/2/23,,1/3/23,1/1/23,Money Management,issuing,258172.7953,95908.05787,,
1/15/24,,1/16/24,1/1/24,Money Management,issuing,301006.1484,172432.3681,,
1/1/24,,1/5/24,1/1/24,Money Management,issuing,386326.4877,221308.4068,,
8/25/25,,8/26/25,8/1/25,Money Management,issuing,560398.4648,245114.2684,,
2/12/24,,2/18/24,2/1/24,Money Management,issuing,266524.0892,141563.0157,,
7/14/25,,7/19/25,7/1/25,Money Management,issuing,574574.3776,259926.5771,,
12/11/23,,12/16/23,12/1/23,Money Management,issuing,402734.6235,133218.854,,
12/11/23,,12/14/23,12/1/23,Money Management,issuing,363105.231,120110.0176,,
11/27/23,,12/1/23,12/1/23,Money Management,issuing,386943.1356,127995.2556,,
7/10/23,,7/10/23,7/1/23,Money Management,issuing,213010.2516,130506.8589,,
3/23/26,,3/26/26,3/1/26,Money Management,issuing,,,531534.1715,237247.7783
3/2/26,,3/7/26,3/1/26,Money Management,issuing,670380.0532,298893.9096,626684.1293,279717.5146
9/29/25,,9/30/25,9/1/25,Money Management,issuing,573175.7564,248070.2373,,
4/24/23,,4/28/23,4/1/23,Money Management,issuing,373360.3919,198336.631,,
4/3/23,,4/8/23,4/1/23,Money Management,issuing,323638.8953,171923.5611,,
4/3/23,,4/7/23,4/1/23,Money Management,issuing,351882.4772,186927.1261,,
5/29/23,,6/4/23,6/1/23,Money Management,issuing,205652.6917,111615.6211,,
1/9/23,,1/10/23,1/1/23,Money Management,issuing,253800.3986,94283.76559,,
10/20/25,,10/21/25,10/1/25,Money Management,issuing,549352.3251,233972.5133,,
2/12/24,,2/13/24,2/1/24,Money Management,issuing,338551.4807,179820.0257,,
2/5/24,,2/11/24,2/1/24,Money Management,issuing,270399.8355,143621.6001,,
10/30/23,,10/30/23,10/1/23,Money Management,issuing,228246.5206,123219.513,,
11/27/23,,11/28/23,11/1/23,Money Management,issuing,375285.4337,189189.0902,,
4/28/25,,5/2/25,5/1/25,Money Management,issuing,759076.0397,393972.9111,,
12/11/23,,12/15/23,12/1/23,Money Management,issuing,367724.1148,121637.8784,,
4/22/24,,4/27/24,4/1/24,Money Management,issuing,448540.1917,245103.0911,,
2/6/23,,2/7/23,2/1/23,Money Management,issuing,264436.6648,96110.62138,,
9/22/25,,9/24/25,9/1/25,Money Management,issuing,603193.5725,261061.936,,
3/3/25,,3/7/25,3/1/25,Money Management,issuing,600561.1934,250540.1061,,
2/24/25,,3/2/25,3/1/25,Money Management,issuing,519412.92,216686.9414,,
12/15/25,,12/15/25,12/1/25,Money Management,issuing,582227.4225,265566.8185,,
12/8/25,,12/13/25,12/1/25,Money Management,issuing,756685.5958,345141.0541,,
10/28/24,,11/2/24,11/1/24,Money Management,issuing,678476.8681,354084.9706,,
2/2/26,,2/8/26,2/1/26,Money Management,issuing,523375.828,245721.6873,559016.5843,253603.9809
2/2/26,,2/4/26,2/1/26,Money Management,issuing,800435.205,375799.337,688838.0791,312498.9203
1/1/24,,1/6/24,1/1/24,Money Management,issuing,382722.7684,219244.0043,,
8/18/25,,8/18/25,8/1/25,Money Management,issuing,441447.5171,193085.9772,,
10/13/25,,10/18/25,10/1/25,Money Management,issuing,604894.2453,257628.1567,,
1/29/24,,2/2/24,2/1/24,Money Management,issuing,591331.9674,314083.1917,,
10/23/23,,10/24/23,10/1/23,Money Management,issuing,299415.11,161640.072,,
10/16/23,,10/17/23,10/1/23,Money Management,issuing,321077.372,173334.5039,,
11/6/23,,11/6/23,11/1/23,Money Management,issuing,237782.898,119871.2396,,
12/11/23,,12/13/23,12/1/23,Money Management,issuing,374318.0908,123819.0713,,
8/28/23,,8/28/23,8/1/23,Money Management,issuing,229298.1254,157621.6762,,
4/8/24,,4/11/24,4/1/24,Money Management,issuing,458359.508,250468.8194,,
6/9/25,,6/10/25,6/1/25,Money Management,issuing,544838.9368,224924.548,,
12/2/24,,12/8/24,12/1/24,Money Management,issuing,380897.0937,172365.0282,,
12/1/25,,12/6/25,12/1/25,Money Management,issuing,773160.6132,352655.6743,,
1/19/26,,1/22/26,1/1/26,Money Management,issuing,689437.4106,303377.1067,560617.312,251383.232
1/5/26,,1/9/26,1/1/26,Money Management,issuing,703605.3287,309611.4972,586020.284,262774.0347
5/29/23,,6/1/23,6/1/23,Money Management,issuing,316760.1776,171917.9246,,
11/25/24,,11/30/24,11/1/24,Money Management,issuing,471864.1848,246257.4981,,
5/22/23,,5/25/23,5/1/23,Money Management,issuing,282093.65,147259.2503,,
5/8/23,,5/8/23,5/1/23,Money Management,issuing,180142.9746,94038.69738,,
8/11/25,,8/11/25,8/1/25,Money Management,issuing,448157.5986,196020.9187,,
10/6/25,,10/10/25,10/1/25,Money Management,issuing,686442.7819,292360.1769,,
7/14/25,,7/14/25,7/1/25,Money Management,issuing,443540.4356,200649.301,,
10/9/23,,10/9/23,10/1/23,Money Management,issuing,217814.3502,117587.6771,,
5/20/24,,5/25/24,5/1/24,Money Management,issuing,465146.3546,221896.87,,
7/8/24,,7/9/24,7/1/24,Money Management,issuing,429412.6031,210793.9085,,
9/11/23,,9/13/23,9/1/23,Money Management,issuing,332558.6816,117647.3524,,
9/11/23,,9/11/23,9/1/23,Money Management,issuing,222532.494,78724.02733,,
12/25/23,,12/29/23,12/1/23,Money Management,issuing,275894.4785,91261.94793,,
8/26/24,,8/29/24,8/1/24,Money Management,issuing,453201.3146,211287.279,,
8/19/24,,8/21/24,8/1/24,Money Management,issuing,458854.6225,213922.9113,,
7/29/24,,8/2/24,8/1/24,Money Management,issuing,621480.8038,289740.9689,,
8/21/23,,8/24/23,8/1/23,Money Management,issuing,347021.7513,238545.9978,,
2/20/23,,2/24/23,2/1/23,Money Management,issuing,319867.1074,116257.0496,,
6/9/25,,6/11/25,6/1/25,Money Management,issuing,558233.762,230454.3014,,
6/2/25,,6/5/25,6/1/25,Money Management,issuing,605703.9955,250051.3237,,
9/15/25,,9/19/25,9/1/25,Money Management,issuing,638685.9825,276423.0368,,
12/29/25,,12/29/25,12/1/25,Money Management,issuing,410218.8651,187109.907,,
12/8/25,,12/10/25,12/1/25,Money Management,issuing,728404.3659,332241.3589,,
12/1/25,,12/3/25,12/1/25,Money Management,issuing,906352.6498,413407.5112,,
4/7/25,,4/11/25,4/1/25,Money Management,issuing,574926.2771,259224.0113,,
6/19/23,,6/20/23,6/1/23,Money Management,issuing,241298.4043,130961.9195,,
1/27/25,,1/27/25,1/1/25,Money Management,issuing,388708.2761,127752.4305,,
1/23/23,,1/23/23,1/1/23,Money Management,issuing,143670.6465,53371.90025,,
1/16/23,,1/22/23,1/1/23,Money Management,issuing,174424.8342,64796.70746,,
3/25/24,,3/28/24,3/1/24,Money Management,issuing,400682.8713,202264.0449,,
1/15/24,,1/21/24,1/1/24,Money Management,issuing,265377.0598,152022.1268,,
9/29/25,,10/4/25,10/1/25,Money Management,issuing,659703.4238,280971.7208,,
2/12/24,,2/16/24,2/1/24,Money Management,issuing,409407.5243,217454.8799,,
2/5/24,,2/10/24,2/1/24,Money Management,issuing,421570.6717,223915.2784,,
7/15/24,,7/16/24,7/1/24,Money Management,issuing,426488.8379,209358.6644,,
10/7/24,,10/10/24,10/1/24,Money Management,issuing,514997.7766,201067.2617,,
4/15/24,,4/16/24,4/1/24,Money Management,issuing,403637.3258,220566.0899,,
11/3/25,,11/7/25,11/1/25,Money Management,issuing,722916.7278,362364.8889,,
3/3/25,,3/8/25,3/1/25,Money Management,issuing,548865.6538,228973.9342,,
12/22/25,,12/26/25,12/1/25,Money Management,issuing,271232.0991,123714.9658,,
4/24/23,,4/25/23,4/1/23,Money Management,issuing,301656.5147,160246.0736,,
1/27/25,,1/30/25,1/1/25,Money Management,issuing,477081.425,156797.0515,,
5/15/23,,5/17/23,5/1/23,Money Management,issuing,280263.6522,146303.9502,,
1/30/23,,1/31/23,1/1/23,Money Management,issuing,236194.7187,87743.46934,,
3/18/24,,3/21/24,3/1/24,Money Management,issuing,402701.6669,203283.1295,,
1/22/24,,1/24/24,1/1/24,Money Management,issuing,378132.0278,216614.1833,,
8/11/25,,8/13/25,8/1/25,Money Management,issuing,591744.144,258824.6436,,
2/5/24,,2/6/24,2/1/24,Money Management,issuing,369266.034,196133.9162,,
10/23/23,,10/25/23,10/1/23,Money Management,issuing,321753.069,173699.2808,,
10/16/23,,10/21/23,10/1/23,Money Management,issuing,358616.341,193600.0198,,
9/4/23,,9/10/23,9/1/23,Money Management,issuing,245187.9628,86738.72087,,
11/27/23,,11/29/23,11/1/23,Money Management,issuing,413209.1047,208307.1912,,
4/22/24,,4/26/24,4/1/24,Money Management,issuing,450836.7641,246358.0444,,
9/2/24,,9/8/24,9/1/24,Money Management,issuing,319978.6782,144017.4924,,
1/12/26,,1/17/26,1/1/26,Money Management,issuing,697024.5929,306715.7382,581114.8825,260574.4314
2/23/26,,2/27/26,2/1/26,Money Management,issuing,794646.5435,373081.5965,697202.417,316293.4936
5/22/23,,5/27/23,5/1/23,Money Management,issuing,283851.402,148176.8365,,
1/16/23,,1/17/23,1/1/23,Money Management,issuing,193461.4438,71868.57674,,
1/15/24,,1/20/24,1/1/24,Money Management,issuing,411541.128,235752.697,,
6/3/24,,6/5/24,6/1/24,Money Management,issuing,463696.555,235718.1797,,
10/6/25,,10/12/25,10/1/25,Money Management,issuing,455829.8514,194140.7201,,
6/30/25,,7/3/25,7/1/25,Money Management,issuing,763451.8006,345371.1496,,
7/15/24,,7/18/24,7/1/24,Money Management,issuing,472374.465,231883.4124,,
7/8/24,,7/11/24,7/1/24,Money Management,issuing,469450.8425,230448.2384,,
11/13/23,,11/17/23,11/1/23,Money Management,issuing,409742.4273,206559.5679,,
12/25/23,,12/31/23,12/1/23,Money Management,issuing,193074.8943,63866.41386,,
10/21/24,,10/21/24,10/1/24,Money Management,issuing,388046.6379,151502.5471,,
10/7/24,,10/7/24,10/1/24,Money Management,issuing,379767.126,148270.0306,,
8/5/24,,8/9/24,8/1/24,Money Management,issuing,460786.7414,214823.6858,,
8/5/24,,8/7/24,8/1/24,Money Management,issuing,449318.9459,209477.2774,,
8/21/23,,8/25/23,8/1/23,Money Management,issuing,372898.9069,256334.1966,,
8/7/23,,8/13/23,8/1/23,Money Management,issuing,240508.2413,165327.6147,,
8/7/23,,8/9/23,8/1/23,Money Management,issuing,357663.3917,245861.1609,,
7/31/23,,8/2/23,8/1/23,Money Management,issuing,469514.6995,322748.7961,,
6/23/25,,6/23/25,6/1/25,Money Management,issuing,405117.9959,167243.8879,,
12/9/24,,12/14/24,12/1/24,Money Management,issuing,548832.7829,248359.9368,,
12/2/24,,12/6/24,12/1/24,Money Management,issuing,570267.9745,258059.8727,,
12/2/24,,12/4/24,12/1/24,Money Management,issuing,625275.4189,282952.0545,,
9/15/25,,9/21/25,9/1/25,Money Management,issuing,447683.9775,193757.4457,,
3/10/25,,3/13/25,3/1/25,Money Management,issuing,544967.7611,227347.8244,,
4/17/23,,4/22/23,4/1/23,Money Management,issuing,344640.2217,183079.8928,,
3/11/24,,3/12/24,3/1/24,Money Management,issuing,360553.2809,182006.6946,,
6/10/24,,6/14/24,6/1/24,Money Management,issuing,462538.1783,235129.3238,,
8/4/25,,8/7/25,8/1/25,Money Management,issuing,601396.2151,263046.3903,,
8/4/25,,8/6/25,8/1/25,Money Management,issuing,627342.1346,274394.9493,,
6/30/25,,7/5/25,7/1/25,Money Management,issuing,458995.8569,207641.0412,,
7/29/24,,7/30/24,7/1/24,Money Management,issuing,400707.614,196702.9461,,
7/22/24,,7/28/24,7/1/24,Money Management,issuing,302313.7311,148402.4747,,
9/25/23,,9/26/23,9/1/23,Money Management,issuing,282819.9333,100051.5644,,
5/12/25,,5/14/25,5/1/25,Money Management,issuing,584220.5402,303220.0398,,
3/30/26,,3/31/26,3/1/26,Money Management,issuing,,,627079.7632,279894.1039
12/23/24,,12/27/24,12/1/24,Money Management,issuing,322879.8171,146110.8255,,
12/9/24,,12/15/24,12/1/24,Money Management,issuing,404869.8682,183213.281,,
3/17/25,,3/22/25,3/1/25,Money Management,issuing,550243.1771,229548.6047,,
4/14/25,,4/19/25,4/1/25,Money Management,issuing,527384.9213,237788.4613,,
4/24/23,,4/26/23,4/1/23,Money Management,issuing,333740.8687,177289.9348,,
4/24/23,,4/24/23,4/1/23,Money Management,issuing,215639.8528,114552.274,,
6/19/23,,6/22/23,6/1/23,Money Management,issuing,307511.3537,166898.2324,,
11/18/24,,11/18/24,11/1/24,Money Management,issuing,381176.8937,198929.419,,
2/9/26,,2/15/26,2/1/26,Money Management,issuing,531865.3365,249707.4586,555357.1865,251943.8551
5/8/23,,5/10/23,5/1/23,Money Management,issuing,284457.3587,148493.1596,,
1/1/24,,1/3/24,1/1/24,Money Management,issuing,371794.8602,212983.916,,
5/20/24,,5/22/24,5/1/24,Money Management,issuing,440879.5826,210320.469,,
12/11/23,,12/17/23,12/1/23,Money Management,issuing,272676.5188,90197.49289,,
12/4/23,,12/7/23,12/1/23,Money Management,issuing,383356.8167,126808.9526,,
10/21/24,,10/27/24,10/1/24,Money Management,issuing,352174.6515,137497.2787,,
8/14/23,,8/16/23,8/1/23,Money Management,issuing,354073.8779,243393.6956,,
7/24/23,,7/28/23,7/1/23,Money Management,issuing,342154.8283,209630.9992,,
3/23/26,,3/23/26,3/1/26,Money Management,issuing,,,659126.1107,294197.8404
6/16/25,,6/20/25,6/1/25,Money Management,issuing,567259.9265,234180.5512,,
6/2/25,,6/2/25,6/1/25,Money Management,issuing,734331.315,303152.2307,,
12/2/24,,12/7/24,12/1/24,Money Management,issuing,531195.1976,240378.5084,,
4/7/25,,4/8/25,4/1/25,Money Management,issuing,535931.2824,241641.8632,,
4/17/23,,4/21/23,4/1/23,Money Management,issuing,366019.621,194437.0643,,
1/13/25,,1/18/25,1/1/25,Money Management,issuing,451664.2946,148443.4856,,
11/11/24,,11/16/24,11/1/24,Money Management,issuing,516144.7994,269366.7607,,
5/15/23,,5/20/23,5/1/23,Money Management,issuing,287714.5054,150193.4636,,
1/2/23,,1/8/23,1/1/23,Money Management,issuing,196717.2217,73078.05869,,
10/23/23,,10/23/23,10/1/23,Money Management,issuing,218192.7097,117791.9355,,
10/9/23,,10/13/23,10/1/23,Money Management,issuing,358874.905,193739.6062,,
10/9/23,,10/10/23,10/1/23,Money Management,issuing,289281.0463,156169.1699,,
7/8/24,,7/12/24,7/1/24,Money Management,issuing,458674.7369,225158.3671,,
5/19/25,,5/23/25,5/1/25,Money Management,issuing,614332.5092,318848.6454,,
11/17/25,,11/17/25,11/1/25,Money Management,issuing,538556.0326,269953.3562,,
3/9/26,,3/12/26,3/1/26,Money Management,issuing,661069.2192,294742.6053,617980.183,275832.5491
6/9/25,,6/13/25,6/1/25,Money Management,issuing,576975.4175,238191.374,,
9/15/25,,9/20/25,9/1/25,Money Management,issuing,601725.1749,260426.4141,,
9/16/24,,9/21/24,9/1/24,Money Management,issuing,463496.6978,208612.7504,,
1/5/26,,1/11/26,1/1/26,Money Management,issuing,459582.9708,202232.9364,553959.9814,248398.0561
2/2/26,,2/5/26,2/1/26,Money Management,issuing,733613.3327,344426.8847,666010.4069,302142.8974
3/13/23,,3/19/23,3/1/23,Money Management,issuing,223032.1734,106853.3927,,
2/26/24,,2/29/24,2/1/24,Money Management,issuing,413774.2839,219774.2637,,
2/12/24,,2/17/24,2/1/24,Money Management,issuing,427616.2704,227126.3697,,
2/5/24,,2/7/24,2/1/24,Money Management,issuing,402779.7145,213934.5499,,
7/1/24,,7/5/24,7/1/24,Money Management,issuing,355939.9266,174726.9823,,
11/6/23,,11/11/23,11/1/23,Money Management,issuing,361726.1587,182353.5813,,
5/19/25,,5/21/25,5/1/25,Money Management,issuing,601001.898,311929.8397,,
5/12/25,,5/13/25,5/1/25,Money Management,issuing,514679.655,267127.1801,,
8/26/24,,8/26/24,8/1/24,Money Management,issuing,341130.5318,159038.6866,,
8/19/24,,8/19/24,8/1/24,Money Management,issuing,330825.6164,154234.4253,,
8/7/23,,8/8/23,8/1/23,Money Management,issuing,317972.5332,218577.2935,,
7/3/23,,7/3/23,7/1/23,Money Management,issuing,341830.0023,209431.9852,,
4/22/24,,4/22/24,4/1/24,Money Management,issuing,278743.0448,152318.0825,,
11/17/25,,11/21/25,11/1/25,Money Management,issuing,725412.8324,363616.0712,,
6/16/25,,6/18/25,6/1/25,Money Management,issuing,564798.6043,233164.4495,,
9/8/25,,9/11/25,9/1/25,Money Management,issuing,624286.6997,270191.033,,
9/1/25,,9/6/25,9/1/25,Money Management,issuing,631088.5338,273134.8641,,
1/5/26,,1/7/26,1/1/26,Money Management,issuing,697226.7751,306804.7055,555011.1389,248869.3997
6/19/23,,6/25/23,6/1/23,Money Management,issuing,210652.9154,114329.4347,,
5/15/23,,5/18/23,5/1/23,Money Management,issuing,280469.8812,146411.6063,,
5/8/23,,5/12/23,5/1/23,Money Management,issuing,296164.9455,154604.7841,,
5/1/23,,5/6/23,5/1/23,Money Management,issuing,290370.779,151580.0984,,
1/29/24,,1/30/24,1/1/24,Money Management,issuing,335789.6382,192358.2054,,
8/4/25,,8/5/25,8/1/25,Money Management,issuing,599265.9478,262114.6266,,
2/19/24,,2/19/24,2/1/24,Money Management,issuing,241299.4094,128165.0458,,
7/14/25,,7/17/25,7/1/25,Money Management,issuing,597655.6331,270368.1004,,
7/1/24,,7/1/24,7/1/24,Money Management,issuing,356690.6437,175095.501,,
7/29/24,,8/1/24,8/1/24,Money Management,issuing,462658.7632,215696.4423,,
7/10/23,,7/13/23,7/1/23,Money Management,issuing,335894.9549,205795.7077,,
4/29/24,,4/29/24,4/1/24,Money Management,issuing,279636.5904,152806.3571,,
2/27/23,,2/28/23,2/1/23,Money Management,issuing,291562.0652,105969.4626,,
3/17/25,,3/18/25,3/1/25,Money Management,issuing,508544.3768,212152.8389,,
12/1/25,,12/2/25,12/1/25,Money Management,issuing,1237979.04,564669.6506,,
1/12/26,,1/18/26,1/1/26,Money Management,issuing,471629.0327,207533.6342,554310.3672,248555.1706
1/5/26,,1/5/26,1/1/26,Money Management,issuing,457571.0859,201347.6351,543448.4068,243684.6205
3/11/24,,3/17/24,3/1/24,Money Management,issuing,269186.0868,135884.6874,,
6/24/24,,6/25/24,6/1/24,Money Management,issuing,423438.5098,215253.1729,,
6/10/24,,6/10/24,6/1/24,Money Management,issuing,303115.0716,154087.2628,,
2/27/23,,3/4/23,3/1/23,Money Management,issuing,388274.5207,186020.0222,,
10/6/25,,10/7/25,10/1/25,Money Management,issuing,605156.7361,257739.9531,,
6/30/25,,7/1/25,7/1/25,Money Management,issuing,577497.8699,261249.1097,,
5/27/24,,5/31/24,5/1/24,Money Management,issuing,468957.0966,223714.7747,,
10/7/24,,10/13/24,10/1/24,Money Management,issuing,358315.8029,139894.9288,,
9/30/24,,10/4/24,10/1/24,Money Management,issuing,531558.4615,207532.9431,,
2/17/25,,2/18/25,2/1/25,Money Management,issuing,561416.0969,295176.4423,,
12/30/24,,12/30/24,12/1/24,Money Management,issuing,303189.7444,137200.5975,,
9/2/24,,9/4/24,9/1/24,Money Management,issuing,430726.7727,193863.5101,,
3/31/25,,4/4/25,4/1/25,Money Management,issuing,596728.7756,269054.3692,,
5/29/23,,6/2/23,6/1/23,Money Management,issuing,408102.1497,221492.7241,,
1/20/25,,1/22/25,1/1/25,Money Management,issuing,414548.4058,136245.0188,,
3/27/23,,3/27/23,3/1/23,Money Management,issuing,205594.701,98499.20306,,
3/20/23,,3/25/23,3/1/23,Money Management,issuing,324098.9936,155273.9075,,
2/26/24,,2/26/24,2/1/24,Money Management,issuing,255787.3065,135860.2241,,
7/28/25,,7/30/25,7/1/25,Money Management,issuing,571860.6777,258698.9506,,
11/13/23,,11/18/23,11/1/23,Money Management,issuing,398967.7127,201127.8132,,
12/4/23,,12/4/23,12/1/23,Money Management,issuing,265361.722,87777.8627,,
8/12/24,,8/15/24,8/1/24,Money Management,issuing,443124.61,206589.412,,
12/16/24,,12/19/24,12/1/24,Money Management,issuing,555910.3988,251562.727,,
9/2/24,,9/2/24,9/1/24,Money Management,issuing,500509.9033,225271.8262,,
1/22/24,,1/27/24,1/1/24,Money Management,issuing,396536.2939,227157.1281,,
7/28/25,,8/3/25,8/1/25,Money Management,issuing,464784.2781,203293.309,,
3/20/23,,3/20/23,3/1/23,Money Management,issuing,208381.5819,99834.38118,,
5/13/24,,5/19/24,5/1/24,Money Management,issuing,291791.5475,139198.406,,
9/11/23,,9/15/23,9/1/23,Money Management,issuing,347617.9621,122974.7866,,
11/20/23,,11/25/23,11/1/23,Money Management,issuing,309571.7532,156061.475,,
10/30/23,,11/2/23,11/1/23,Money Management,issuing,440258.0771,221943.1334,,
8/12/24,,8/18/24,8/1/24,Money Management,issuing,320848.246,149582.869,,
7/31/23,,8/4/23,8/1/23,Money Management,issuing,386490.7627,265677.3654,,
7/10/23,,7/15/23,7/1/23,Money Management,issuing,347700.2019,213028.5319,,
2/24/25,,2/26/25,2/1/25,Money Management,issuing,596631.9436,313691.922,,
2/10/25,,2/11/25,2/1/25,Money Management,issuing,532763.1608,280111.5523,,
1/27/25,,2/1/25,2/1/25,Money Management,issuing,602585.9783,316822.3823,,
12/2/24,,12/2/24,12/1/24,Money Management,issuing,672083.3245,304133.7493,,
9/23/24,,9/24/24,9/1/24,Money Management,issuing,433750.4042,195224.4002,,
9/9/24,,9/11/24,9/1/24,Money Management,issuing,475900.2264,214195.3883,,
4/7/25,,4/12/25,4/1/25,Money Management,issuing,548179.2225,247164.2411,,
6/19/23,,6/24/23,6/1/23,Money Management,issuing,321018.7471,174229.214,,
6/12/23,,6/17/23,6/1/23,Money Management,issuing,339705.8142,184371.4036,,
6/17/24,,6/21/24,6/1/24,Money Management,issuing,437480.0961,222391.1539,,
10/6/25,,10/11/25,10/1/25,Money Management,issuing,631961.9832,269156.4717,,
7/21/25,,7/21/25,7/1/25,Money Management,issuing,438696.295,198457.9034,,
11/13/23,,11/14/23,11/1/23,Money Management,issuing,315878.2448,159240.7069,,
5/26/25,,5/30/25,5/1/25,Money Management,issuing,585970.3806,304128.2356,,
7/31/23,,8/3/23,8/1/23,Money Management,issuing,487135.1209,334861.2386,,
2/6/23,,2/11/23,2/1/23,Money Management,issuing,315582.7533,114699.883,,
6/9/25,,6/14/25,6/1/25,Money Management,issuing,553876.4586,228655.4863,,
12/2/24,,12/3/24,12/1/24,Money Management,issuing,621078.8683,281053.0152,,
12/8/25,,12/9/25,12/1/25,Money Management,issuing,688479.9797,314030.9624,,
1/12/26,,1/16/26,1/1/26,Money Management,issuing,727420.5359,320091.0397,590750.4925,264895.0807
2/9/26,,2/12/26,2/1/26,Money Management,issuing,744296.2809,349442.4623,662002.495,300324.6644
5/27/24,,6/2/24,6/1/24,Money Management,issuing,430022.1642,218599.9458,,
3/27/23,,3/30/23,3/1/23,Money Management,issuing,316511.3959,151638.7343,,
9/29/25,,10/1/25,10/1/25,Money Management,issuing,665562.8357,283467.2802,,
5/6/24,,5/10/24,5/1/24,Money Management,issuing,499004.5364,238048.8284,,
9/4/23,,9/8/23,9/1/23,Money Management,issuing,349657.8324,123696.4196,,
8/19/24,,8/25/24,8/1/24,Money Management,issuing,310258.9385,144646.0211,,
7/10/23,,7/14/23,7/1/23,Money Management,issuing,358208.7072,219466.87,,
7/3/23,,7/5/23,7/1/23,Money Management,issuing,204988.0127,125591.8034,,
3/23/26,,3/25/26,3/1/26,Money Management,issuing,,,594242.1478,265237.1887
3/9/26,,3/13/26,3/1/26,Money Management,issuing,663608.5375,295874.7792,620353.9866,276892.0851
3/24/25,,3/25/25,3/1/25,Money Management,issuing,512060.7989,213619.8081,,
3/17/25,,3/23/25,3/1/25,Money Management,issuing,379255.9434,158216.7235,,
1/13/25,,1/19/25,1/1/25,Money Management,issuing,325179.6636,106873.1872,,
5/29/23,,5/29/23,5/1/23,Money Management,issuing,160093.2664,83572.2973,,
1/2/23,,1/6/23,1/1/23,Money Management,issuing,280086.7442,104048.8237,,
3/13/23,,3/15/23,3/1/23,Money Management,issuing,311745.9393,149355.6323,,
10/27/25,,10/27/25,10/1/25,Money Management,issuing,540465.8387,230187.7044,,
10/6/25,,10/9/25,10/1/25,Money Management,issuing,666466.9908,283852.3653,,
7/7/25,,7/13/25,7/1/25,Money Management,issuing,445239.8226,201418.0715,,
5/12/25,,5/18/25,5/1/25,Money Management,issuing,385659.1254,200163.4097,,
12/18/23,,12/19/23,12/1/23,Money Management,issuing,333739.5911,110396.2839,,
10/14/24,,10/18/24,10/1/24,Money Management,issuing,515631.0002,201314.4871,,
12/23/24,,12/28/24,12/1/24,Money Management,issuing,367958.09,166509.8202,,
12/15/25,,12/20/25,12/1/25,Money Management,issuing,745176.8867,339891.6771,,
3/31/25,,4/2/25,4/1/25,Money Management,issuing,885294.5911,399163.5522,,
4/10/23,,4/10/23,4/1/23,Money Management,issuing,164455.7194,87362.22172,,
11/11/24,,11/11/24,11/1/24,Money Management,issuing,322375.089,168241.8064,,
2/2/26,,2/3/26,2/1/26,Money Management,issuing,773958.7556,363368.8092,637780.7664,289336.2126
1/9/23,,1/15/23,1/1/23,Money Management,issuing,170535.4379,63351.84396,,
1/8/24,,1/13/24,1/1/24,Money Management,issuing,393698.5041,225531.4908,,
6/17/24,,6/23/24,6/1/24,Money Management,issuing,300128.668,152569.1371,,
2/27/23,,3/3/23,3/1/23,Money Management,issuing,420520.9908,201469.115,,
10/27/25,,10/30/25,10/1/25,Money Management,issuing,619834.9313,263991.4862,,
7/28/25,,7/31/25,7/1/25,Money Management,issuing,603847.8801,273169.3558,,
7/15/24,,7/15/24,7/1/24,Money Management,issuing,323820.4928,158959.9067,,
7/8/24,,7/14/24,7/1/24,Money Management,issuing,317173.6091,155697.0248,,
10/7/24,,10/9/24,10/1/24,Money Management,issuing,518474.354,202424.5994,,
2/10/25,,2/14/25,2/1/25,Money Management,issuing,588751.4296,309548.5743,,
3/24/25,,3/27/25,3/1/25,Money Management,issuing,543866.8595,226888.5539,,
1/12/26,,1/14/26,1/1/26,Money Management,issuing,664182.7647,292264.1597,546076.3005,244862.9794
1/12/26,,1/13/26,1/1/26,Money Management,issuing,624570.0895,274833.1666,549404.9658,246355.5674
3/31/25,,4/6/25,4/1/25,Money Management,issuing,425188.3269,191709.8383,,
1/20/25,,1/26/25,1/1/25,Money Management,issuing,345959.0225,113702.5082,,
6/24/24,,6/27/24,6/1/24,Money Management,issuing,457011.437,232319.8283,,
8/25/25,,8/31/25,8/1/25,Money Management,issuing,427910.9037,187165.1596,,
5/20/24,,5/20/24,5/1/24,Money Management,issuing,280286.21,133709.8144,,
7/1/24,,7/4/24,7/1/24,Money Management,issuing,462760.6906,227164.1166,,
8/5/24,,8/6/24,8/1/24,Money Management,issuing,419117.8231,195397.1923,,
8/14/23,,8/20/23,8/1/23,Money Management,issuing,247017.2839,169801.9915,,
2/13/23,,2/13/23,2/1/23,Money Management,issuing,184212.4644,66952.79729,,
3/16/26,,3/21/26,3/1/26,Money Management,issuing,,,624508.1427,278746.2732
6/16/25,,6/17/25,6/1/25,Money Management,issuing,535700.5678,221151.977,,
9/1/25,,9/5/25,9/1/25,Money Management,issuing,642457.7124,278055.44,,
12/22/25,,12/28/25,12/1/25,Money Management,issuing,366482.3721,167160.7243,,
12/22/25,,12/25/25,12/1/25,Money Management,issuing,537487.0082,245159.725,,
1/19/26,,1/20/26,1/1/26,Money Management,issuing,649661.1369,285874.1244,550280.9303,246748.3537
4/10/23,,4/16/23,4/1/23,Money Management,issuing,245051.4329,130176.3034,,
6/12/23,,6/13/23,6/1/23,Money Management,issuing,273837.7196,148622.2567,,
11/11/24,,11/17/24,11/1/24,Money Management,issuing,366575.6063,191309.2677,,
1/16/23,,1/21/23,1/1/23,Money Management,issuing,263431.2072,97861.49402,,
1/16/23,,1/18/23,1/1/23,Money Management,issuing,235825.6892,87606.37936,,
1/9/23,,1/14/23,1/1/23,Money Management,issuing,262930.2172,97675.38231,,
1/22/24,,1/25/24,1/1/24,Money Management,issuing,403668.1111,231242.6132,,
10/13/25,,10/17/25,10/1/25,Money Management,issuing,663943.1627,282777.4516,,
5/13/24,,5/13/24,5/1/24,Money Management,issuing,275684.5929,131514.6248,,
7/22/24,,7/25/24,7/1/24,Money Management,issuing,451971.7317,221867.9358,,
12/18/23,,12/24/23,12/1/23,Money Management,issuing,243356.4638,80498.838,,
7/31/23,,8/5/23,8/1/23,Money Management,issuing,372987.2868,256394.9497,,
4/1/24,,4/2/24,4/1/24,Money Management,issuing,507346.1564,277237.3881,,
11/24/25,,11/26/25,11/1/25,Money Management,issuing,755519.0207,378706.918,,
11/17/25,,11/23/25,11/1/25,Money Management,issuing,508420.7048,254847.9031,,
2/3/25,,2/6/25,2/1/25,Money Management,issuing,590698.647,310572.3652,,
6/23/25,,6/26/25,6/1/25,Money Management,issuing,552723.118,228179.3555,,
9/15/25,,9/16/25,9/1/25,Money Management,issuing,634698.1478,274697.1035,,
4/7/25,,4/10/25,4/1/25,Money Management,issuing,574023.8363,258817.1168,,
4/17/23,,4/23/23,4/1/23,Money Management,issuing,232719.8458,123625.5136,,
3/18/24,,3/18/24,3/1/24,Money Management,issuing,286336.2954,144542.0841,,
1/8/24,,1/11/24,1/1/24,Money Management,issuing,376675.4575,215779.7823,,
8/11/25,,8/12/25,8/1/25,Money Management,issuing,533873.9844,233512.6509,,
10/23/23,,10/28/23,10/1/23,Money Management,issuing,347848.6983,187787.0781,,
5/19/25,,5/24/25,5/1/25,Money Management,issuing,583861.5959,303033.7418,,
5/12/25,,5/15/25,5/1/25,Money Management,issuing,584718.3923,303478.4332,,
12/25/23,,12/27/23,12/1/23,Money Management,issuing,196282.4073,64927.41332,,
8/12/24,,8/12/24,8/1/24,Money Management,issuing,324364.3856,151222.1307,,
8/21/23,,8/23/23,8/1/23,Money Management,issuing,352132.2294,242058.9882,,
7/10/23,,7/12/23,7/1/23,Money Management,issuing,330650.6219,202582.6162,,
11/24/25,,11/30/25,11/1/25,Money Management,issuing,565742.7454,283580.8043,,
2/10/25,,2/13/25,2/1/25,Money Management,issuing,598276.2555,314556.4539,,
4/28/25,,4/29/25,4/1/25,Money Management,issuing,505927.1593,228113.5388,,
1/13/25,,1/13/25,1/1/25,Money Management,issuing,326901.1948,107438.9838,,
11/25/24,,11/26/24,11/1/24,Money Management,issuing,485217.8455,253226.5353,,
2/23/26,,2/25/26,2/1/26,Money Management,issuing,745380.7243,349951.6017,647887.6747,293921.322
1/15/24,,1/15/24,1/1/24,Money Management,issuing,231017.7329,132339.2727,,
6/10/24,,6/16/24,6/1/24,Money Management,issuing,319604.7397,162469.7157,,
10/27/25,,10/31/25,10/1/25,Money Management,issuing,684281.3996,291439.6309,,
10/9/23,,10/14/23,10/1/23,Money Management,issuing,354379.5708,191312.7877,,
10/2/23,,10/3/23,10/1/23,Money Management,issuing,402988.3353,217554.3631,,
7/8/24,,7/13/24,7/1/24,Money Management,issuing,460071.9681,225844.2524,,
12/4/23,,12/9/23,12/1/23,Money Management,issuing,395078.8372,130686.4293,,
10/21/24,,10/22/24,10/1/24,Money Management,issuing,449041.4181,175316.3459,,
4/15/24,,4/15/24,4/1/24,Money Management,issuing,280790.6102,153436.9668,,
2/6/23,,2/10/23,2/1/23,Money Management,issuing,297479.1997,108120.0701,,
12/23/24,,12/24/24,12/1/24,Money Management,issuing,504537.3926,228315.2152,,
12/9/24,,12/10/24,12/1/24,Money Management,issuing,494089.9588,223587.502,,
9/22/25,,9/28/25,9/1/25,Money Management,issuing,416344.2758,180193.6354,,
12/29/25,,12/30/25,12/1/25,Money Management,issuing,527140.0633,240440.2543,,
4/28/25,,4/28/25,4/1/25,Money Management,issuing,418124.6962,188524.9731,,
11/4/24,,11/10/24,11/1/24,Money Management,issuing,349665.0117,182483.9301,,
1/2/23,,1/5/23,1/1/23,Money Management,issuing,292959.7463,108830.9877,,
8/18/25,,8/20/25,8/1/25,Money Management,issuing,544498.6351,238159.7969,,
8/4/25,,8/9/25,8/1/25,Money Management,issuing,594023.974,259821.8249,,
3/20/23,,3/22/23,3/1/23,Money Management,issuing,318502.113,152592.4751,,
3/13/23,,3/18/23,3/1/23,Money Management,issuing,335602.5083,160785.1732,,
2/27/23,,3/1/23,3/1/23,Money Management,issuing,329811.336,158010.6569,,
10/9/23,,10/11/23,10/1/23,Money Management,issuing,338223.6274,182590.9571,,
5/13/24,,5/14/24,5/1/24,Money Management,issuing,388879.4991,185513.9631,,
9/4/23,,9/5/23,9/1/23,Money Management,issuing,196027.5446,69347.52541,,
4/28/25,,5/4/25,5/1/25,Money Management,issuing,466414.0287,242076.5287,,
10/28/24,,10/31/24,10/1/24,Money Management,issuing,503364.2281,196525.2503,,
8/5/24,,8/11/24,8/1/24,Money Management,issuing,303212.4306,141360.864,,
8/7/23,,8/7/23,8/1/23,Money Management,issuing,237871.4681,163515.0721,,
7/24/23,,7/27/23,7/1/23,Money Management,issuing,330871.5658,202717.9838,,
6/2/25,,6/4/25,6/1/25,Money Management,issuing,644555.9562,266090.4852,,
12/15/25,,12/16/25,12/1/25,Money Management,issuing,721776.3733,329218.1848,,
4/14/25,,4/16/25,4/1/25,Money Management,issuing,585587.5102,264030.9713,,
11/4/24,,11/6/24,11/1/24,Money Management,issuing,493001.1544,257288.5053,,
2/23/26,,2/26/26,2/1/26,Money Management,issuing,741752.6075,348248.2235,669147.0336,303565.8624
2/16/26,,2/22/26,2/1/26,Money Management,issuing,503202.3423,236250.3616,536537.4262,243406.0652
1/23/23,,1/25/23,1/1/23,Money Management,issuing,246450.8159,91553.48487,,
1/2/23,,1/2/23,1/1/23,Money Management,issuing,182968.4207,67970.54608,,
3/25/24,,3/27/24,3/1/24,Money Management,issuing,392234.4899,197999.316,,
3/18/24,,3/23/24,3/1/24,Money Management,issuing,426388.7207,215240.3147,,
2/26/24,,3/2/24,3/1/24,Money Management,issuing,561957.7402,283675.3296,,
1/8/24,,1/14/24,1/1/24,Money Management,issuing,257424.1005,147466.2478,,
6/17/24,,6/17/24,6/1/24,Money Management,issuing,312085.6055,158647.3957,,
2/27/23,,3/2/23,3/1/23,Money Management,issuing,415142.5367,198892.3295,,
4/29/24,,5/3/24,5/1/24,Money Management,issuing,628219.0649,299690.2863,,
10/21/24,,10/23/24,10/1/24,Money Management,issuing,505381.1255,197312.6946,,
8/19/24,,8/22/24,8/1/24,Money Management,issuing,448466.6037,209079.9064,,
4/1/24,,4/6/24,4/1/24,Money Management,issuing,448570.5393,245119.6745,,
4/1/24,,4/4/24,4/1/24,Money Management,issuing,439047.9676,239916.1012,,
2/10/25,,2/10/25,2/1/25,Money Management,issuing,455475.6138,239475.9823,,
2/20/23,,2/26/23,2/1/23,Money Management,issuing,230185.7391,83661.97794,,
3/16/26,,3/17/26,3/1/26,Money Management,issuing,701909.9232,312951.7356,656158.8563,292873.4204
9/9/24,,9/14/24,9/1/24,Money Management,issuing,476807.9655,214603.9477,,
1/19/26,,1/23/26,1/1/26,Money Management,issuing,716857.7442,315443.0337,583742.7761,261752.7903
4/21/25,,4/22/25,4/1/25,Money Management,issuing,489016.9863,220489.0432,,
1/23/23,,1/29/23,1/1/23,Money Management,issuing,172246.017,63987.30333,,
3/4/24,,3/6/24,3/1/24,Money Management,issuing,420778.0989,212408.0822,,
5/20/24,,5/21/24,5/1/24,Money Management,issuing,398537.4045,190121.242,,
12/4/23,,12/8/23,12/1/23,Money Management,issuing,366889.0116,121361.6382,,
10/21/24,,10/26/24,10/1/24,Money Management,issuing,500039.8591,195227.3384,,
11/24/25,,11/28/25,11/1/25,Money Management,issuing,447543.1903,224332.8065,,
2/17/25,,2/20/25,2/1/25,Money Management,issuing,568348.0572,298821.0678,,
2/3/25,,2/7/25,2/1/25,Money Management,issuing,607514.8626,319413.8479,,
3/23/26,,3/24/26,3/1/26,Money Management,issuing,,,642113.8522,286604.4988
6/30/25,,6/30/25,6/1/25,Money Management,issuing,426176.631,175937.4736,,
9/8/25,,9/14/25,9/1/25,Money Management,issuing,424843.12,183871.9318,,
9/2/24,,9/6/24,9/1/24,Money Management,issuing,480421.8882,216230.5189,,
1/19/26,,1/21/26,1/1/26,Money Management,issuing,630412.066,277403.8451,553084.0169,248005.2698
1/5/26,,1/10/26,1/1/26,Money Management,issuing,674118.4321,296636.2085,580238.9179,260181.6451
1/5/26,,1/6/26,1/1/26,Money Management,issuing,664462.9385,292387.4462,549755.3516,246512.6819
6/12/23,,6/12/23,6/1/23,Money Management,issuing,205381.0655,111468.1991,,
1/9/23,,1/11/23,1/1/23,Money Management,issuing,276799.2017,102827.5416,,
1/15/24,,1/18/24,1/1/24,Money Management,issuing,377191.2147,216075.2355,,
1/1/24,,1/4/24,1/1/24,Money Management,issuing,392595.5605,224899.666,,
6/17/24,,6/22/24,6/1/24,Money Management,issuing,450806.0132,229165.3274,,
8/11/25,,8/14/25,8/1/25,Money Management,issuing,583528.1049,255231.007,,
7/28/25,,8/1/25,8/1/25,Money Management,issuing,645669.3765,282411.1534,,
7/21/25,,7/26/25,7/1/25,Money Management,issuing,581639.1512,263122.547,,
10/30/23,,10/31/23,10/1/23,Money Management,issuing,298621.1986,161211.4768,,
11/20/23,,11/20/23,11/1/23,Money Management,issuing,254164.6662,128129.6252,,
5/12/25,,5/17/25,5/1/25,Money Management,issuing,581155.7505,301629.3637,,
12/18/23,,12/23/23,12/1/23,Money Management,issuing,349262.8532,115531.157,,
10/21/24,,10/25/24,10/1/24,Money Management,issuing,513103.0624,200327.5206,,
10/14/24,,10/20/24,10/1/24,Money Management,issuing,381950.6736,149122.539,,
8/26/24,,8/30/24,8/1/24,Money Management,issuing,486459.0396,226792.3846,,
8/19/24,,8/24/24,8/1/24,Money Management,issuing,456402.179,212779.5561,,
8/14/23,,8/14/23,8/1/23,Money Management,issuing,231950.6362,159445.0369,,
2/17/25,,2/21/25,2/1/25,Money Management,issuing,604007.7583,317569.9133,,
2/20/23,,2/23/23,2/1/23,Money Management,issuing,315802.0144,114779.5744,,
9/9/24,,9/12/24,9/1/24,Money Management,issuing,462812.2208,208304.6778,,
9/2/24,,9/3/24,9/1/24,Money Management,issuing,372860.2154,167818.6607,,
1/19/26,,1/19/26,1/1/26,Money Management,issuing,448297.3998,197266.8817,546076.3005,244862.9794
11/25/24,,11/28/24,11/1/24,Money Management,issuing,510521.2307,266431.9205,,
11/18/24,,11/19/24,11/1/24,Money Management,issuing,463502.478,241893.6725,,
2/16/26,,2/17/26,2/1/26,Money Management,issuing,666072.8345,312717.042,525036.4615,238188.5269
3/11/24,,3/15/24,3/1/24,Money Management,issuing,417812.673,210911.1401,,
6/24/24,,6/24/24,6/1/24,Money Management,issuing,315216.4365,160238.9403,,
6/30/25,,7/4/25,7/1/25,Money Management,issuing,625526.3772,282976.2977,,
10/23/23,,10/27/23,10/1/23,Money Management,issuing,352823.7637,190472.8809,,
10/16/23,,10/19/23,10/1/23,Money Management,issuing,329160.1699,177698.0246,,
5/26/25,,5/26/25,5/1/25,Money Management,issuing,376772.8843,195551.3049,,
10/14/24,,10/16/24,10/1/24,Money Management,issuing,503195.88,196459.5233,,
8/7/23,,8/12/23,8/1/23,Money Management,issuing,369283.2502,253848.7603,,
11/10/25,,11/16/25,11/1/25,Money Management,issuing,515390.3732,258341.4771,,
9/23/24,,9/26/24,9/1/24,Money Management,issuing,477278.1961,214815.5913,,
12/29/25,,1/4/26,1/1/26,Money Management,issuing,427678.1361,188193.6686,579187.7605,259710.3016
1/8/24,,1/12/24,1/1/24,Money Management,issuing,399248.4513,228710.7964,,
7/15/24,,7/20/24,7/1/24,Money Management,issuing,454466.1437,223092.4151,,
7/1/24,,7/3/24,7/1/24,Money Management,issuing,620296.8328,304496.8705,,
11/6/23,,11/7/23,11/1/23,Money Management,issuing,327818.5655,165260.0676,,
5/12/25,,5/16/25,5/1/25,Money Management,issuing,609461.0723,316320.2898,,
5/5/25,,5/10/25,5/1/25,Money Management,issuing,612466.7244,317880.2725,,
8/14/23,,8/15/23,8/1/23,Money Management,issuing,314945.1315,216496.2293,,
7/17/23,,7/22/23,7/1/23,Money Management,issuing,345415.2702,211628.6027,,
4/8/24,,4/12/24,4/1/24,Money Management,issuing,437711.1606,239185.608,,
11/10/25,,11/13/25,11/1/25,Money Management,issuing,708495.044,355135.9624,,
11/3/25,,11/3/25,11/1/25,Money Management,issuing,534275.9186,267807.932,,
3/2/26,,3/5/26,3/1/26,Money Management,issuing,656413.8021,292666.9532,613628.2099,273890.0663
12/23/24,,12/29/24,12/1/24,Money Management,issuing,276633.2417,125183.1461,,
9/1/25,,9/2/25,9/1/25,Money Management,issuing,834391.621,361124.3586,,
3/3/25,,3/4/25,3/1/25,Money Management,issuing,580707.5214,242257.6178,,
12/15/25,,12/19/25,12/1/25,Money Management,issuing,769407.0644,350943.5976,,
12/15/25,,12/18/25,12/1/25,Money Management,issuing,753812.9196,343830.7629,,
4/21/25,,4/25/25,4/1/25,Money Management,issuing,553707.2483,249656.7294,,
4/3/23,,4/6/23,4/1/23,Money Management,issuing,336006.5222,178493.496,,
11/11/24,,11/15/24,11/1/24,Money Management,issuing,512477.1823,267452.6968,,
5/15/23,,5/15/23,5/1/23,Money Management,issuing,172257.3235,89922.2096,,
12/26/22,,1/1/23,1/1/23,Money Management,issuing,161224.3073,59892.87203,,
6/10/24,,6/13/24,6/1/24,Money Management,issuing,444828.8708,226126.8723,,
3/6/23,,3/6/23,3/1/23,Money Management,issuing,205560.0193,98482.58725,,
7/7/25,,7/8/25,7/1/25,Money Management,issuing,548624.7824,248187.4712,,
5/27/24,,5/28/24,5/1/24,Money Management,issuing,276828.0336,132060.1002,,
5/26/25,,5/31/25,5/1/25,Money Management,issuing,593236.148,307899.2881,,
9/30/24,,10/2/24,10/1/24,Money Management,issuing,801319.5959,312854.0437,,
4/8/24,,4/10/24,4/1/24,Money Management,issuing,439679.5314,240261.2168,,
4/1/24,,4/1/24,4/1/24,Money Management,issuing,238472.2755,130312.2729,,
2/24/25,,2/25/25,2/1/25,Money Management,issuing,549346.4717,288830.5804,,
3/2/26,,3/2/26,3/1/26,Money Management,issuing,975733.0888,435037.8211,912134.0026,407126.7234
12/9/24,,12/9/24,12/1/24,Money Management,issuing,426420.6878,192965.5414,,
9/30/24,,9/30/24,9/1/24,Money Management,issuing,362306.8824,163068.7675,,
3/24/25,,3/29/25,3/1/25,Money Management,issuing,540120.7106,225325.7481,,
3/27/23,,4/1/23,4/1/23,Money Management,issuing,340628.1343,180948.5903,,
6/26/23,,6/27/23,6/1/23,Money Management,issuing,271141.6891,147159.0174,,
12/30/24,,1/1/25,1/1/25,Money Management,issuing,352795.9574,115949.5277,,
1/23/23,,1/27/23,1/1/23,Money Management,issuing,249400.1521,92649.12746,,
3/4/24,,3/9/24,3/1/24,Money Management,issuing,425609.6449,214847.0385,,
3/4/24,,3/5/24,3/1/24,Money Management,issuing,383624.789,193653.1533,,
6/17/24,,6/20/24,6/1/24,Money Management,issuing,423637.137,215354.1442,,
4/28/25,,5/3/25,5/1/25,Money Management,issuing,768451.0169,398838.678,,
9/30/24,,10/6/24,10/1/24,Money Management,issuing,352366.2625,137572.0881,,
8/21/23,,8/21/23,8/1/23,Money Management,issuing,238171.5399,163721.3443,,
7/24/23,,7/24/23,7/1/23,Money Management,issuing,208575.1513,127789.5671,,
4/15/24,,4/17/24,4/1/24,Money Management,issuing,437931.0964,239305.7911,,
4/1/24,,4/3/24,4/1/24,Money Management,issuing,575724.82,314602.6502,,
11/17/25,,11/19/25,11/1/25,Money Management,issuing,719208.0126,360505.8806,,
2/6/23,,2/12/23,2/1/23,Money Management,issuing,202841.3293,73723.53686,,
6/23/25,,6/28/25,6/1/25,Money Management,issuing,563101.6547,232463.9018,,
6/2/25,,6/6/25,6/1/25,Money Management,issuing,619495.0137,255744.6366,,
12/16/24,,12/20/24,12/1/24,Money Management,issuing,563747.4764,255109.1917,,
12/9/24,,12/12/24,12/1/24,Money Management,issuing,542849.5741,245652.392,,
9/15/25,,9/17/25,9/1/25,Money Management,issuing,625631.4666,270773.0475,,
12/29/25,,12/31/25,12/1/25,Money Management,issuing,595415.3712,271582.134,,
4/7/25,,4/13/25,4/1/25,Money Management,issuing,390745.0628,176179.9844,,
5/1/23,,5/1/23,5/1/23,Money Management,issuing,187346.9591,97799.33982,,
8/25/25,,8/28/25,8/1/25,Money Management,issuing,577510.7442,252599.0566,,
7/28/25,,8/2/25,8/1/25,Money Management,issuing,972525.8807,425375.8436,,
3/6/23,,3/7/23,3/1/23,Money Management,issuing,294890.5764,141280.3278,,
5/13/24,,5/18/24,5/1/24,Money Management,issuing,453548.1591,216363.9808,,
11/6/23,,11/9/23,11/1/23,Money Management,issuing,383047.5543,193102.1345,,
5/5/25,,5/11/25,5/1/25,Money Management,issuing,419407.6481,217679.4464,,
1/30/23,,2/3/23,2/1/23,Money Management,issuing,404994.0537,147196.7973,,
3/23/26,,3/29/26,3/1/26,Money Management,issuing,,,602154.8262,268768.9755
6/16/25,,6/19/25,6/1/25,Money Management,issuing,554599.3819,228953.929,,
12/16/24,,12/16/24,12/1/24,Money Management,issuing,457135.2266,206864.6035,,
9/15/25,,9/15/25,9/1/25,Money Management,issuing,460680.9455,199382.5282,,
3/31/25,,4/1/25,4/1/25,Money Management,issuing,537878.1835,242519.6862,,
4/24/23,,4/30/23,4/1/23,Money Management,issuing,257325.3497,136696.4575,,
4/10/23,,4/12/23,4/1/23,Money Management,issuing,318741.2368,169321.8254,,
6/12/23,,6/16/23,6/1/23,Money Management,issuing,314978.3822,170950.8758,,
6/5/23,,6/7/23,6/1/23,Money Management,issuing,314117.1542,170483.4542,,
5/22/23,,5/23/23,5/1/23,Money Management,issuing,252107.3094,131605.7039,,
3/18/24,,3/24/24,3/1/24,Money Management,issuing,268321.2129,135448.1005,,
6/10/24,,6/15/24,6/1/24,Money Management,issuing,477088.4716,242525.9038,,
7/7/25,,7/12/25,7/1/25,Money Management,issuing,577019.0529,261032.5019,,
7/7/25,,7/9/25,7/1/25,Money Management,issuing,607265.6253,274715.479,,
5/5/25,,5/9/25,5/1/25,Money Management,issuing,613697.572,318519.1026,,
8/14/23,,8/17/23,8/1/23,Money Management,issuing,378526.8945,260202.9279,,
11/24/25,,11/27/25,11/1/25,Money Management,issuing,745045.424,373456.986,,
6/23/25,,6/24/25,6/1/25,Money Management,issuing,509955.5327,210523.7161,,
3/10/25,,3/12/25,3/1/25,Money Management,issuing,552268.3453,230393.4576,,
3/10/25,,3/10/25,3/1/25,Money Management,issuing,435990.0017,181884.8479,,
6/26/23,,6/28/23,6/1/23,Money Management,issuing,293285.9581,159177.5634,,
3/11/24,,3/16/24,3/1/24,Money Management,issuing,405975.6774,204935.8445,,
3/27/23,,3/29/23,3/1/23,Money Management,issuing,308141.0323,147628.5428,,
10/6/25,,10/6/25,10/1/25,Money Management,issuing,480085.2685,204471.2505,,
2/19/24,,2/25/24,2/1/24,Money Management,issuing,265436.4502,140985.3214,,
2/19/24,,2/23/24,2/1/24,Money Management,issuing,401061.5831,213021.9725,,
7/7/25,,7/7/25,7/1/25,Money Management,issuing,417782.5587,188996.9248,,
7/29/24,,7/29/24,7/1/24,Money Management,issuing,323615.3544,158859.2065,,
10/30/23,,11/1/23,11/1/23,Money Management,issuing,330015.2482,166367.4605,,
11/17/25,,11/22/25,11/1/25,Money Management,issuing,726628.4624,364225.4106,,
1/30/23,,2/4/23,2/1/23,Money Management,issuing,312407.0873,113545.6738,,
9/29/25,,9/29/25,9/1/25,Money Management,issuing,464812.0277,201170.459,,
9/23/24,,9/27/24,9/1/24,Money Management,issuing,470784.6799,211892.9593,,
12/1/25,,12/7/25,12/1/25,Money Management,issuing,529877.1767,241688.7124,,
1/26/26,,1/30/26,1/1/26,Money Management,issuing,704334.1355,309932.1982,541346.0919,242741.9334
1/26/26,,1/26/26,1/1/26,Money Management,issuing,420446.7988,185011.6216,470743.3492,211083.3576
4/21/25,,4/27/25,4/1/25,Money Management,issuing,370824.9139,167198.3443,,
4/17/23,,4/20/23,4/1/23,Money Management,issuing,344184.8778,182838.0048,,
5/29/23,,6/3/23,6/1/23,Money Management,issuing,454051.074,246430.9716,,
11/25/24,,11/25/24,11/1/24,Money Management,issuing,401492.3743,209531.7059,,
11/4/24,,11/5/24,11/1/24,Money Management,issuing,470820.2448,245712.6844,,
2/23/26,,2/23/26,2/1/26,Money Management,issuing,541222.9372,254100.7938,480426.6593,217950.8028
1/22/24,,1/26/24,1/1/24,Money Management,issuing,401186.001,229820.7282,,
1/1/24,,1/2/24,1/1/24,Money Management,issuing,346125.9404,198279.3903,,
8/4/25,,8/4/25,8/1/25,Money Management,issuing,471647.878,206295.3984,,
1/29/24,,2/4/24,2/1/24,Money Management,issuing,274910.6435,146017.4946,,
4/29/24,,5/1/24,5/1/24,Money Management,issuing,461906.8184,220351.4577,,
8/5/24,,8/10/24,8/1/24,Money Management,issuing,470715.4023,219452.5332,,
8/7/23,,8/10/23,8/1/23,Money Management,issuing,359968.3493,247445.6104,,
11/24/25,,11/25/25,11/1/25,Money Management,issuing,687661.7352,344693.1834,,
11/10/25,,11/10/25,11/1/25,Money Management,issuing,522224.3994,261767.06,,
2/17/25,,2/22/25,2/1/25,Money Management,issuing,577033.3711,303387.5561,,
2/3/25,,2/3/25,2/1/25,Money Management,issuing,498475.3503,262084.0074,,
1/30/23,,2/2/23,2/1/23,Money Management,issuing,373553.584,135769.626,,
12/9/24,,12/11/24,12/1/24,Money Management,issuing,529017.4055,239393.0054,,
9/2/24,,9/7/24,9/1/24,Money Management,issuing,460352.6869,207197.6794,,
12/15/25,,12/17/25,12/1/25,Money Management,issuing,746573.8277,340528.8528,,
1/26/26,,1/28/26,1/1/26,Money Management,issuing,646484.7588,284476.4044,505957.1241,226873.3669
1/27/25,,1/29/25,1/1/25,Money Management,issuing,447129.1531,146952.971,,
5/29/23,,5/30/23,5/1/23,Money Management,issuing,157220.0754,82072.42676,,
5/1/23,,5/7/23,5/1/23,Money Management,issuing,202443.8776,105680.2719,,
5/1/23,,5/3/23,5/1/23,Money Management,issuing,397797.4496,207659.2444,,
3/13/23,,3/16/23,3/1/23,Money Management,issuing,327069.4131,156697.0178,,
10/20/25,,10/26/25,10/1/25,Money Management,issuing,451618.7195,192347.1733,,
7/21/25,,7/24/25,7/1/25,Money Management,issuing,570216.8926,257955.3333,,
7/14/25,,7/20/25,7/1/25,Money Management,issuing,437792.4111,198049.0035,,
10/23/23,,10/29/23,10/1/23,Money Management,issuing,228634.2433,123428.8262,,
10/2/23,,10/6/23,10/1/23,Money Management,issuing,365747.7878,197449.9509,,
7/22/24,,7/27/24,7/1/24,Money Management,issuing,458958.3428,225297.5861,,
7/22/24,,7/22/24,7/1/24,Money Management,issuing,341796.7152,167784.2359,,
9/18/23,,9/20/23,9/1/23,Money Management,issuing,331055.3557,117115.5295,,
11/6/23,,11/12/23,11/1/23,Money Management,issuing,245801.017,123913.338,,
5/19/25,,5/22/25,5/1/25,Money Management,issuing,593342.6097,307954.5434,,
10/7/24,,10/8/24,10/1/24,Money Management,issuing,477374.3564,186378.1923,,
7/3/23,,7/7/23,7/1/23,Money Management,issuing,351870.3735,215583.5075,,
2/17/25,,2/19/25,2/1/25,Money Management,issuing,561691.5508,295321.2681,,
12/29/25,,1/3/26,1/1/26,Money Management,issuing,555861.0844,244598.7481,700596.4471,314150.4827
11/4/24,,11/9/24,11/1/24,Money Management,issuing,487612.8519,254476.4464,,
2/23/26,,2/28/26,2/1/26,Money Management,issuing,787609.5756,369777.784,706612.2972,320562.3886
3/18/24,,3/22/24,3/1/24,Money Management,issuing,433447.392,218803.5202,,
8/11/25,,8/16/25,8/1/25,Money Management,issuing,597642.1605,261404.3937,,
10/9/23,,10/15/23,10/1/23,Money Management,issuing,235342.8394,127050.4802,,
7/1/24,,7/7/24,7/1/24,Money Management,issuing,264400.6253,129791.3494,,
11/20/23,,11/22/23,11/1/23,Money Management,issuing,364530.014,183767.0624,,
4/22/24,,4/28/24,4/1/24,Money Management,issuing,298782.0838,163268.3395,,
4/22/24,,4/23/24,4/1/24,Money Management,issuing,389045.7727,212592.5909,,
2/24/25,,2/24/25,2/1/25,Money Management,issuing,440682.59,231698.2357,,
3/16/26,,3/22/26,3/1/26,Money Management,issuing,,,633014.272,282542.944
12/8/25,,12/11/25,12/1/25,Money Management,issuing,735756.8747,335595.001,,
12/1/25,,12/4/25,12/1/25,Money Management,issuing,813746.0929,371167.6102,,
1/26/26,,1/27/26,1/1/26,Money Management,issuing,559741.367,246306.2112,498073.4431,223338.2902
4/10/23,,4/14/23,4/1/23,Money Management,issuing,331646.0368,176177.1175,,
6/5/23,,6/8/23,6/1/23,Money Management,issuing,303155.1212,164533.9376,,
3/4/24,,3/4/24,3/1/24,Money Management,issuing,283516.4257,143118.6186,,
3/27/23,,3/31/23,3/1/23,Money Management,issuing,321819.3657,154181.7512,,
10/13/25,,10/16/25,10/1/25,Money Management,issuing,678751.6208,289084.4644,,
10/13/25,,10/13/25,10/1/25,Money Management,issuing,404872.1487,172437.523,,
2/19/24,,2/22/24,2/1/24,Money Management,issuing,395369.2114,209998.4961,,
2/5/24,,2/8/24,2/1/24,Money Management,issuing,406550.6878,215937.4846,,
7/7/25,,7/10/25,7/1/25,Money Management,issuing,616425.2861,278859.1363,,
10/2/23,,10/8/23,10/1/23,Money Management,issuing,240656.6401,129919.1502,,
12/18/23,,12/22/23,12/1/23,Money Management,issuing,362526.5362,119918.5937,,
8/19/24,,8/20/24,8/1/24,Money Management,issuing,421098.7514,196320.7222,,
8/7/23,,8/11/23,8/1/23,Money Management,issuing,381447.5504,262210.6141,,
4/15/24,,4/19/24,4/1/24,Money Management,issuing,437122.1437,238863.742,,
10/27/25,,11/2/25,11/1/25,Money Management,issuing,804682.7345,403350.4254,,
2/13/23,,2/19/23,2/1/23,Money Management,issuing,213341.7353,77539.9537,,
3/16/26,,3/18/26,3/1/26,Money Management,issuing,,,625892.8614,279364.3359
12/16/24,,12/21/24,12/1/24,Money Management,issuing,569057.3024,257512.0147,,
9/8/25,,9/13/25,9/1/25,Money Management,issuing,610105.384,264053.3652,,
12/22/25,,12/22/25,12/1/25,Money Management,issuing,570148.329,260057.2765,,
6/19/23,,6/19/23,6/1/23,Money Management,issuing,190691.7122,103495.7224,,
6/3/24,,6/4/24,6/1/24,Money Management,issuing,429423.1299,218295.4292,,
8/18/25,,8/24/25,8/1/25,Money Management,issuing,415885.4825,181905.3266,,
5/27/24,,5/27/24,5/1/24,Money Management,issuing,255883.2695,122068.4545,,
9/11/23,,9/17/23,9/1/23,Money Management,issuing,240463.2929,85067.30188,,
11/20/23,,11/23/23,11/1/23,Money Management,issuing,368025.3624,185529.1392,,
4/28/25,,5/1/25,5/1/25,Money Management,issuing,617422.6751,320452.4922,,
12/25/23,,12/25/23,12/1/23,Money Management,issuing,186444.2231,61673.08267,,
9/30/24,,10/5/24,10/1/24,Money Management,issuing,516943.1783,201826.7923,,
2/6/23,,2/8/23,2/1/23,Money Management,issuing,295144.7498,107271.6044,,
9/23/24,,9/28/24,9/1/24,Money Management,issuing,469975.9337,211528.9551,,
12/15/25,,12/21/25,12/1/25,Money Management,issuing,560366.9619,255595.7785,,
6/19/23,,6/23/23,6/1/23,Money Management,issuing,312432.2688,169569.0022,,
6/19/23,,6/21/23,6/1/23,Money Management,issuing,288003.5994,156310.6243,,
6/5/23,,6/10/23,6/1/23,Money Management,issuing,324011.3952,175853.4392,,
1/20/25,,1/25/25,1/1/25,Money Management,issuing,484513.2331,159239.5813,,
1/20/25,,1/21/25,1/1/25,Money Management,issuing,415495.5864,136556.3181,,
11/18/24,,11/23/24,11/1/24,Money Management,issuing,538058.234,280802.9912,,
2/27/23,,3/5/23,3/1/23,Money Management,issuing,229565.4505,109983.4471,,
1/29/24,,2/3/24,2/1/24,Money Management,issuing,509853.6032,270806.342,,
7/28/25,,7/29/25,7/1/25,Money Management,issuing,553855.894,250553.9271,,
5/13/24,,5/15/24,5/1/24,Money Management,issuing,459782.357,219337.9888,,
9/18/23,,9/24/23,9/1/23,Money Management,issuing,226683.9266,80192.65551,,
11/13/23,,11/16/23,11/1/23,Money Management,issuing,391249.2678,197236.7867,,
5/26/25,,5/29/25,5/1/25,Money Management,issuing,611583.1568,317421.6865,,
7/29/24,,8/4/24,8/1/24,Money Management,issuing,308539.3388,143844.3254,,
11/3/25,,11/8/25,11/1/25,Money Management,issuing,710872.7675,356327.8058,,
6/2/25,,6/3/25,6/1/25,Money Management,issuing,612766.1947,252966.7944,,
12/16/24,,12/18/24,12/1/24,Money Management,issuing,542287.8194,245398.1845,,
5/15/23,,5/16/23,5/1/23,Money Management,issuing,256655.4284,133979.9247,,
5/1/23,,5/5/23,5/1/23,Money Management,issuing,318956.1072,166502.2847,,
3/11/24,,3/11/24,3/1/24,Money Management,issuing,269921.635,136255.991,,
10/2/23,,10/7/23,10/1/23,Money Management,issuing,358567.3116,193573.5511,,
5/6/24,,5/11/24,5/1/24,Money Management,issuing,471312.2674,224838.3029,,
5/6/24,,5/7/24,5/1/24,Money Management,issuing,398684.7545,190191.535,,
11/6/23,,11/8/23,11/1/23,Money Management,issuing,367705.1929,185367.7352,,
10/28/24,,10/28/24,10/1/24,Money Management,issuing,356643.4715,139242.0113,,
7/17/23,,7/19/23,7/1/23,Money Management,issuing,339045.0977,207725.7333,,
7/17/23,,7/17/23,7/1/23,Money Management,issuing,219225.7461,134314.9604,,
11/10/25,,11/11/25,11/1/25,Money Management,issuing,609561.5465,305545.1528,,
2/17/25,,2/17/25,2/1/25,Money Management,issuing,379318.8667,199434.9542,,
2/23/26,,3/1/26,3/1/26,Money Management,issuing,693657.1384,309272.1704,648443.9949,289429.9283
9/22/25,,9/27/25,9/1/25,Money Management,issuing,612704.6715,265178.3358,,
12/8/25,,12/8/25,12/1/25,Money Management,issuing,566927.6484,258588.2528,,
4/24/23,,4/27/23,4/1/23,Money Management,issuing,342054.6867,181706.404,,
4/10/23,,4/13/23,4/1/23,Money Management,issuing,322012.6207,171059.651,,
6/5/23,,6/6/23,6/1/23,Money Management,issuing,284784.0799,154563.2673,,
11/4/24,,11/7/24,11/1/24,Money Management,issuing,471759.7195,246202.9795,,
2/16/26,,2/19/26,2/1/26,Money Management,issuing,728086.4052,341832.0267,644228.2769,292261.1962
6/24/24,,6/28/24,6/1/24,Money Management,issuing,471610.6478,239741.2753,,
3/20/23,,3/23/23,3/1/23,Money Management,issuing,314726.3964,150783.5517,,
10/6/25,,10/8/25,10/1/25,Money Management,issuing,656579.7194,279641.316,,
9/29/25,,10/5/25,10/1/25,Money Management,issuing,428334.8527,182430.4321,,
5/13/24,,5/16/24,5/1/24,Money Management,issuing,454425.3345,216782.435,,
9/18/23,,9/22/23,9/1/23,Money Management,issuing,356292.4431,126043.5073,,
5/26/25,,5/27/25,5/1/25,Money Management,issuing,436448.9939,226524.1843,,
5/5/25,,5/7/25,5/1/25,Money Management,issuing,607467.2361,315285.4561,,
10/7/24,,10/12/24,10/1/24,Money Management,issuing,499520.2463,195024.4693,,
8/12/24,,8/13/24,8/1/24,Money Management,issuing,400355.2286,186649.871,,
8/28/23,,8/30/23,8/1/23,Money Management,issuing,353166.8181,242770.1742,,
7/17/23,,7/18/23,7/1/23,Money Management,issuing,322057.2577,197317.6444,,
11/3/25,,11/9/25,11/1/25,Money Management,issuing,498759.5446,250005.2081,,
2/13/23,,2/18/23,2/1/23,Money Management,issuing,326705.9655,118742.6614,,
6/23/25,,6/27/25,6/1/25,Money Management,issuing,591261.9623,244089.2539,,
9/1/25,,9/4/25,9/1/25,Money Management,issuing,673425.8343,291458.4307,,
12/1/25,,12/1/25,12/1/25,Money Management,issuing,680804.2136,310529.8756,,
6/12/23,,6/15/23,6/1/23,Money Management,issuing,307616.9923,166955.5665,,
1/16/23,,1/16/23,1/1/23,Money Management,issuing,143312.6803,53238.92016,,
1/9/23,,1/12/23,1/1/23,Money Management,issuing,276121.8786,102575.9243,,
6/24/24,,6/30/24,6/1/24,Money Management,issuing,324558.9823,164988.1839,,
2/19/24,,2/20/24,2/1/24,Money Management,issuing,312489.0362,165977.081,,
7/21/25,,7/27/25,7/1/25,Money Management,issuing,416612.0213,188467.3959,,
4/29/24,,5/5/24,5/1/24,Money Management,issuing,312372.2366,149016.3707,,
9/25/23,,9/27/23,9/1/23,Money Management,issuing,315688.8476,111679.4092,,
9/18/23,,9/23/23,9/1/23,Money Management,issuing,344814.6014,121983.0579,,
9/18/23,,9/21/23,9/1/23,Money Management,issuing,319344.7073,112972.7215,,
5/26/25,,5/28/25,5/1/25,Money Management,issuing,542882.3145,281764.8228,,
11/27/23,,12/3/23,12/1/23,Money Management,issuing,366943.9502,121379.8111,,
10/21/24,,10/24/24,10/1/24,Money Management,issuing,510880.6215,199459.8274,,
4/1/24,,4/5/24,4/1/24,Money Management,issuing,453700.0846,247922.6951,,
2/20/23,,2/20/23,2/1/23,Money Management,issuing,195685.0997,71122.57499,,
3/16/26,,3/19/26,3/1/26,Money Management,issuing,,,616595.4643,275214.4864
3/24/25,,3/28/25,3/1/25,Money Management,issuing,553276.34,230813.9695,,
3/24/25,,3/26/25,3/1/25,Money Management,issuing,547293.4413,228318.0438,,
3/3/25,,3/5/25,3/1/25,Money Management,issuing,611451.2162,255083.1694,,
1/19/26,,1/24/26,1/1/26,Money Management,issuing,671288.6026,295390.9824,568676.1859,254996.866
5/29/23,,5/31/23,5/1/23,Money Management,issuing,235897.3963,123143.7635,,
1/9/23,,1/13/23,1/1/23,Money Management,issuing,299944.1784,111425.6194,,
3/6/23,,3/8/23,3/1/23,Money Management,issuing,329305.8793,157768.4955,,
2/26/24,,2/28/24,2/1/24,Money Management,issuing,398637.1757,211734.2599,,
7/21/25,,7/25/25,7/1/25,Money Management,issuing,602580.3512,272595.9496,,
5/27/24,,5/30/24,5/1/24,Money Management,issuing,435712.0768,207855.3237,,
7/22/24,,7/23/24,7/1/24,Money Management,issuing,426049.7416,209143.1169,,
7/8/24,,7/8/24,7/1/24,Money Management,issuing,299353.0308,146949.0996,,
12/11/23,,12/12/23,12/1/23,Money Management,issuing,327100.6067,108200.2028,,
12/4/23,,12/5/23,12/1/23,Money Management,issuing,329141.2753,108875.2268,,
11/17/25,,11/20/25,11/1/25,Money Management,issuing,716051.0823,358923.4567,,
3/2/26,,3/6/26,3/1/26,Money Management,issuing,664031.7573,296063.4749,620749.6205,277068.6745
9/8/25,,9/12/25,9/1/25,Money Management,issuing,645942.4837,279563.6476,,
3/17/25,,3/19/25,3/1/25,Money Management,issuing,553742.7542,231008.5466,,
4/21/25,,4/24/25,4/1/25,Money Management,issuing,554122.436,249843.9301,,
4/14/25,,4/18/25,4/1/25,Money Management,issuing,563409.1459,254031.1421,,
1/13/25,,1/14/25,1/1/25,Money Management,issuing,427555.2401,140519.8305,,
10/28/24,,11/3/24,11/1/24,Money Management,issuing,353849.7284,184667.8591,,
2/16/26,,2/21/26,2/1/26,Money Management,issuing,722488.0813,339203.6486,662525.2661,300561.8252
5/1/23,,5/4/23,5/1/23,Money Management,issuing,287860.3796,150269.6133,,
1/16/23,,1/19/23,1/1/23,Money Management,issuing,256783.9321,95392.11206,,
1/8/24,,1/9/24,1/1/24,Money Management,issuing,346983.1832,198770.4647,,
6/3/24,,6/8/24,6/1/24,Money Management,issuing,461713.2277,234709.9637,,
8/18/25,,8/22/25,8/1/25,Money Management,issuing,596999.8245,261123.4405,,
3/13/23,,3/13/23,3/1/23,Money Management,issuing,194317.0379,93096.14148,,
7/21/25,,7/23/25,7/1/25,Money Management,issuing,618396.6805,279750.9578,,
5/6/24,,5/8/24,5/1/24,Money Management,issuing,452668.4833,215944.3337,,
9/18/23,,9/19/23,9/1/23,Money Management,issuing,298047.1454,105438.4068,,
9/4/23,,9/6/23,9/1/23,Money Management,issuing,293845.9299,103952.1672,,
8/28/23,,9/2/23,9/1/23,Money Management,issuing,434133.6143,153580.9261,,
11/27/23,,11/27/23,11/1/23,Money Management,issuing,260999.8451,131575.3792,,
5/19/25,,5/19/25,5/1/25,Money Management,issuing,454095.9115,235683.2238,,
7/31/23,,8/1/23,8/1/23,Money Management,issuing,319898.6418,219901.3186,,
7/24/23,,7/29/23,7/1/23,Money Management,issuing,345261.4045,211534.3325,,
7/24/23,,7/26/23,7/1/23,Money Management,issuing,328610.739,201332.8233,,
2/13/23,,2/16/23,2/1/23,Money Management,issuing,290287.1482,105506.0886,,
9/1/25,,9/7/25,9/1/25,Money Management,issuing,442782.1397,191635.9323,,
12/8/25,,12/12/25,12/1/25,Money Management,issuing,753003.608,343461.6179,,
1/12/26,,1/12/26,1/1/26,Money Management,issuing,485637.6737,213697.937,547302.6508,245412.8802
6/26/23,,6/26/23,6/1/23,Money Management,issuing,197388.125,107130.123,,
6/5/23,,6/11/23,6/1/23,Money Management,issuing,221186.1083,120046.2034,,
5/22/23,,5/28/23,5/1/23,Money Management,issuing,186513.9012,97364.4648,,
5/22/23,,5/24/23,5/1/23,Money Management,issuing,269135.2272,140494.6612,,
3/11/24,,3/14/24,3/1/24,Money Management,issuing,400707.0776,202276.2642,,
8/4/25,,8/8/25,8/1/25,Money Management,issuing,603791.5995,264094.1142,,
3/6/23,,3/10/23,3/1/23,Money Management,issuing,337019.0671,161463.8381,,
10/13/25,,10/15/25,10/1/25,Money Management,issuing,693464.3158,295350.6911,,
2/19/24,,2/21/24,2/1/24,Money Management,issuing,373813.7044,198549.3899,,
6/30/25,,7/2/25,7/1/25,Money Management,issuing,803847.1222,363645.2288,,
10/23/23,,10/26/23,10/1/23,Money Management,issuing,342080.9418,184673.3389,,
10/30/23,,11/3/23,11/1/23,Money Management,issuing,491222.9012,247635.5473,,
11/10/25,,11/12/25,11/1/25,Money Management,issuing,687766.3124,344745.6032,,
2/17/25,,2/23/25,2/1/25,Money Management,issuing,419652.9233,220641.4415,,
2/20/23,,2/25/23,2/1/23,Money Management,issuing,331121.2384,120347.411,,
12/9/24,,12/13/24,12/1/24,Money Management,issuing,569377.4908,257656.9076,,
9/22/25,,9/22/25,9/1/25,Money Management,issuing,443987.5748,192157.6441,,
9/1/25,,9/3/25,9/1/25,Money Management,issuing,696160.7946,301298.1124,,
9/16/24,,9/17/24,9/1/24,Money Management,issuing,431977.1028,194426.2644,,
1/6/25,,1/11/25,1/1/25,Money Management,issuing,440958.0247,144924.7748,,
1/6/25,,1/9/25,1/1/25,Money Management,issuing,470356.9022,154586.9773,,
1/23/23,,1/26/23,1/1/23,Money Management,issuing,245527.6559,91210.54215,,
3/18/24,,3/20/24,3/1/24,Money Management,issuing,402062.096,202960.2751,,
1/1/24,,1/7/24,1/1/24,Money Management,issuing,259477.8901,148642.7679,,
6/17/24,,6/19/24,6/1/24,Money Management,issuing,424350.5807,215716.8203,,
8/25/25,,8/27/25,8/1/25,Money Management,issuing,576127.2127,251993.9099,,
10/16/23,,10/20/23,10/1/23,Money Management,issuing,349007.0284,188412.4058,,
10/9/23,,10/12/23,10/1/23,Money Management,issuing,358663.6876,193625.5799,,
11/27/23,,12/2/23,12/1/23,Money Management,issuing,464675.3503,153707.9605,,
8/21/23,,8/22/23,8/1/23,Money Management,issuing,322045.9725,221377.4138,,
2/3/25,,2/9/25,2/1/25,Money Management,issuing,432955.761,227635.6911,,
6/23/25,,6/25/25,6/1/25,Money Management,issuing,550074.714,227086.0213,,
6/16/25,,6/16/25,6/1/25,Money Management,issuing,449171.2151,185430.2725,,
9/22/25,,9/26/25,9/1/25,Money Management,issuing,622665.2452,269489.2681,,
4/3/23,,4/4/23,4/1/23,Money Management,issuing,326484.7083,173435.3149,,
2/2/26,,2/2/26,2/1/26,Money Management,issuing,915294.3187,429724.9746,816917.0035,370603.3237
3/6/23,,3/9/23,3/1/23,Money Management,issuing,299602.5741,143537.818,,
10/20/25,,10/23/25,10/1/25,Money Management,issuing,663530.781,282601.8156,,
9/29/25,,10/2/25,10/1/25,Money Management,issuing,1051760.054,447951.036,,
5/20/24,,5/26/24,5/1/24,Money Management,issuing,295033.5441,140744.9921,,
5/13/24,,5/17/24,5/1/24,Money Management,issuing,465281.5376,221961.3587,,
9/11/23,,9/16/23,9/1/23,Money Management,issuing,351123.7943,124215.0244,,
7/29/24,,8/3/24,8/1/24,Money Management,issuing,616840.0082,287577.3806,,
2/3/25,,2/5/25,2/1/25,Money Management,issuing,600885.7984,315928.4766,,
4/21/25,,4/26/25,4/1/25,Money Management,issuing,530284.8092,239095.969,,
4/10/23,,4/15/23,4/1/23,Money Management,issuing,333158.1618,176980.389,,
4/3/23,,4/3/23,4/1/23,Money Management,issuing,338543.7477,179841.3218,,
11/25/24,,11/27/24,11/1/24,Money Management,issuing,541007.0248,282341.9125,,
2/26/24,,3/1/24,3/1/24,Money Management,issuing,450437.3569,227380.0261,,
3/6/23,,3/12/23,3/1/23,Money Management,issuing,222219.9449,106464.2589,,
10/27/25,,10/28/25,10/1/25,Money Management,issuing,626819.2634,266966.1559,,
10/20/25,,10/24/25,10/1/25,Money Management,issuing,661752.6891,281844.5154,,
10/2/23,,10/2/23,10/1/23,Money Management,issuing,361922.8052,195385.0235,,
9/25/23,,9/25/23,9/1/23,Money Management,issuing,216760.2708,76682.02146,,
12/4/23,,12/10/23,12/1/23,Money Management,issuing,259391.3736,85802.95684,,
10/14/24,,10/14/24,10/1/24,Money Management,issuing,311301.1109,121539.2857,,
8/26/24,,8/28/24,8/1/24,Money Management,issuing,457108.485,213108.8434,,
8/14/23,,8/19/23,8/1/23,Money Management,issuing,363051.8126,249565.2119,,
7/31/23,,8/6/23,8/1/23,Money Management,issuing,241652.4751,166114.1717,,
4/15/24,,4/20/24,4/1/24,Money Management,issuing,443757.7305,242489.7333,,
2/10/25,,2/15/25,2/1/25,Money Management,issuing,586587.8393,308411.0207,,
3/9/26,,3/10/26,3/1/26,Money Management,issuing,700851.8738,312479.9964,655169.7715,292431.947
12/23/24,,12/23/24,12/1/24,Money Management,issuing,441737.0063,199896.5411,,
11/25/24,,12/1/24,12/1/24,Money Management,issuing,428486.2089,193900.239,,
8/26/24,,9/1/24,9/1/24,Money Management,issuing,312655.8752,140721.6111,,
3/31/25,,4/5/25,4/1/25,Money Management,issuing,574126.9051,258863.5887,,
6/26/23,,6/29/23,6/1/23,Money Management,issuing,302765.5405,164322.4971,,
1/20/25,,1/20/25,1/1/25,Money Management,issuing,293959.0533,96612.25609,,
1/6/25,,1/10/25,1/1/25,Money Management,issuing,471080.5808,154824.8207,,
6/3/24,,6/9/24,6/1/24,Money Management,issuing,320667.3456,163009.8869,,
7/15/24,,7/21/24,7/1/24,Money Management,issuing,332713.2222,163325.2494,,
11/13/23,,11/15/23,11/1/23,Money Management,issuing,350996.9055,176944.7446,,
12/18/23,,12/21/23,12/1/23,Money Management,issuing,361771.4166,119668.8109,,
10/27/25,,11/1/25,11/1/25,Money Management,issuing,658615.4694,330133.627,,
3/30/26,,3/30/26,3/1/26,Money Management,issuing,,,611254.4064,272830.5303
6/9/25,,6/9/25,6/1/25,Money Management,issuing,453078.6839,187043.3834,,
9/23/24,,9/23/24,9/1/24,Money Management,issuing,351319.7912,158123.6463,,
9/16/24,,9/19/24,9/1/24,Money Management,issuing,454845.0241,204718.7649,,
9/9/24,,9/15/24,9/1/24,Money Management,issuing,322184.4203,145010.263,,
3/17/25,,3/17/25,3/1/25,Money Management,issuing,431941.3171,180195.8312,,
3/3/25,,3/9/25,3/1/25,Money Management,issuing,384614.3802,160452.1383,,
2/24/25,,3/1/25,3/1/25,Money Management,issuing,560239.087,233718.6649,,
1/19/26,,1/25/26,1/1/26,Money Management,issuing,456189.3077,200739.6033,526279.5016,235986.009
4/21/25,,4/21/25,4/1/25,Money Management,issuing,342202.4899,154293.0035,,
11/11/24,,11/13/24,11/1/24,Money Management,issuing,498631.3556,260226.8068,,
2/9/26,,2/9/26,2/1/26,Money Management,issuing,616319.2296,289358.0348,525210.7186,238267.5805
3/20/23,,3/24/23,3/1/23,Money Management,issuing,325241.9261,155821.4797,,
5/20/24,,5/24/24,5/1/24,Money Management,issuing,469368.8719,223911.211,,
4/29/24,,5/2/24,5/1/24,Money Management,issuing,590240.7344,281572.8217,,
7/1/24,,7/6/24,7/1/24,Money Management,issuing,319743.4166,156958.515,,
9/11/23,,9/12/23,9/1/23,Money Management,issuing,291758.3414,103213.6531,,
8/5/24,,8/8/24,8/1/24,Money Management,issuing,452116.0657,210781.3244,,
8/21/23,,8/27/23,8/1/23,Money Management,issuing,244660.7556,168182.0918,,
12/23/24,,12/26/24,12/1/24,Money Management,issuing,184308.2274,83403.87296,,
4/14/25,,4/15/25,4/1/25,Money Management,issuing,523530.7897,236050.702,,
12/30/24,,1/3/25,1/1/25,Money Management,issuing,418910.6997,137678.7255,,
11/25/24,,11/29/24,11/1/24,Money Management,issuing,358236.3226,186957.1443,,
8/25/25,,8/29/25,8/1/25,Money Management,issuing,637599.9832,278881.6587,,
3/27/23,,3/28/23,3/1/23,Money Management,issuing,288614.9439,138273.7095,,
10/20/25,,10/20/25,10/1/25,Money Management,issuing,452815.4475,192856.867,,
1/29/24,,2/1/24,2/1/24,Money Management,issuing,408190.3994,216808.4097,,
9/4/23,,9/7/23,9/1/23,Money Management,issuing,343393.8168,121480.4352,,
12/4/23,,12/6/23,12/1/23,Money Management,issuing,358067.8143,118443.7122,,
11/3/25,,11/4/25,11/1/25,Money Management,issuing,691954.1167,346844.7567,,
1/30/23,,2/1/23,2/1/23,Money Management,issuing,287905.8142,104640.5827,,
9/9/24,,9/10/24,9/1/24,Money Management,issuing,441207.7066,198580.8176,,
12/1/25,,12/5/25,12/1/25,Money Management,issuing,786095.2523,358555.4496,,
1/26/26,,1/31/26,1/1/26,Money Management,issuing,709041.2194,312003.4834,555361.5247,249026.5142
4/17/23,,4/17/23,4/1/23,Money Management,issuing,219530.9682,116619.3136,,
6/12/23,,6/14/23,6/1/23,Money Management,issuing,301934.8797,163871.6656,,
12/30/24,,1/4/25,1/1/25,Money Management,issuing,426988.2445,140333.4824,,
5/22/23,,5/26/23,5/1/23,Money Management,issuing,291605.7205,152224.7657,,
3/25/24,,3/25/24,3/1/24,Money Management,issuing,259657.2451,131074.5441,,
8/25/25,,8/30/25,8/1/25,Money Management,issuing,589667.0357,257916.1313,,
8/11/25,,8/15/25,8/1/25,Money Management,issuing,640450.5113,280128.4592,,
3/20/23,,3/21/23,3/1/23,Money Management,issuing,290639.0905,139243.4662,,
3/13/23,,3/17/23,3/1/23,Money Management,issuing,340089.5425,162934.8847,,
3/6/23,,3/11/23,3/1/23,Money Management,issuing,323759.2658,155111.1459,,
2/12/24,,2/15/24,2/1/24,Money Management,issuing,384237.1219,204085.7391,,
2/5/24,,2/5/24,2/1/24,Money Management,issuing,266210.2147,141396.3027,,
9/11/23,,9/14/23,9/1/23,Money Management,issuing,330014.2886,116747.2373,,
11/20/23,,11/21/23,11/1/23,Money Management,issuing,329227.9125,165970.5484,,
10/28/24,,10/30/24,10/1/24,Money Management,issuing,489339.0738,191049.4998,,
10/7/24,,10/11/24,10/1/24,Money Management,issuing,508977.1552,198716.6693,,
8/26/24,,8/31/24,8/1/24,Money Management,issuing,472883.5871,220463.364,,
8/12/24,,8/16/24,8/1/24,Money Management,issuing,473400.3062,220704.264,,
3/16/26,,3/16/26,3/1/26,Money Management,issuing,713548.4658,318140.8659,667038.7891,297729.6272
6/9/25,,6/12/25,6/1/25,Money Management,issuing,584455.7095,241279.4449,,
9/16/24,,9/20/24,9/1/24,Money Management,issuing,480959.8147,216472.6313,,
4/14/25,,4/20/25,4/1/25,Money Management,issuing,387230.5336,174595.3459,,
1/20/25,,1/23/25,1/1/25,Money Management,issuing,435207.0784,143034.6752,,
11/18/24,,11/22/24,11/1/24,Money Management,issuing,520046.1846,271402.824,,
5/8/23,,5/14/23,5/1/23,Money Management,issuing,197060.2017,102869.8716,,
1/23/23,,1/24/23,1/1/23,Money Management,issuing,220025.047,81736.63269,,
1/15/24,,1/19/24,1/1/24,Money Management,issuing,390443.6784,223666.9531,,
10/27/25,,10/29/25,10/1/25,Money Management,issuing,639771.1123,272482.4275,,
7/28/25,,7/28/25,7/1/25,Money Management,issuing,432231.2633,195533.2454,,
10/16/23,,10/16/23,10/1/23,Money Management,issuing,232096.7581,125298.0743,,
7/8/24,,7/10/24,7/1/24,Money Management,issuing,456512.3719,224096.8859,,
9/25/23,,9/30/23,9/1/23,Money Management,issuing,346277.6575,122500.6348,,
12/25/23,,12/28/23,12/1/23,Money Management,issuing,257828.5981,85286.01305,,
9/30/24,,10/3/24,10/1/24,Money Management,issuing,559662.4905,218505.418,,
8/5/24,,8/5/24,8/1/24,Money Management,issuing,341502.6161,159212.1563,,
7/10/23,,7/16/23,7/1/23,Money Management,issuing,252840.2283,154909.84,,
2/27/23,,2/27/23,2/1/23,Money Management,issuing,207616.3231,75459.02847,,
3/9/26,,3/9/26,3/1/26,Money Management,issuing,707834.9994,315593.4747,661697.7312,295345.6712
6/16/25,,6/21/25,6/1/25,Money Management,issuing,522862.2748,215851.9754,,
6/5/23,,6/5/23,6/1/23,Money Management,issuing,191582.3927,103979.129,,
11/11/24,,11/12/24,11/1/24,Money Management,issuing,487811.3604,254580.0444,,
1/30/23,,1/30/23,1/1/23,Money Management,issuing,160249.4935,59530.74057,,
1/1/24,,1/1/24,1/1/24,Money Management,issuing,207996.7956,119151.6527,,
10/14/24,,10/19/24,10/1/24,Money Management,issuing,484334.9969,189095.7903,,
7/17/23,,7/23/23,7/1/23,Money Management,issuing,228624.1478,140073.1616,,
7/17/23,,7/21/23,7/1/23,Money Management,issuing,360719.9952,221005.4828,,
7/3/23,,7/6/23,7/1/23,Money Management,issuing,277241.64,169860.0669,,
7/3/23,,7/4/23,7/1/23,Money Management,issuing,277265.2834,169874.5527,,
2/10/25,,2/16/25,2/1/25,Money Management,issuing,438863.7227,230741.9275,,
9/22/25,,9/25/25,9/1/25,Money Management,issuing,601262.1413,260226.0134,,
9/22/25,,9/23/25,9/1/25,Money Management,issuing,565153.3181,244598.1292,,
3/10/25,,3/15/25,3/1/25,Money Management,issuing,550029.2836,229459.3734,,
3/3/25,,3/3/25,3/1/25,Money Management,issuing,627985.8029,261981.0128,,
1/12/26,,1/15/26,1/1/26,Money Management,issuing,683377.2372,300710.4138,566048.2922,253818.5071
4/14/25,,4/17/25,4/1/25,Money Management,issuing,575275.7856,259381.5984,,
1/27/25,,1/28/25,1/1/25,Money Management,issuing,426112.3515,140045.6124,,
11/4/24,,11/8/24,11/1/24,Money Management,issuing,491647.3648,256581.9867,,
5/8/23,,5/13/23,5/1/23,Money Management,issuing,291531.3886,152185.9628,,
6/3/24,,6/6/24,6/1/24,Money Management,issuing,479698.6321,243852.7678,,
10/13/25,,10/19/25,10/1/25,Money Management,issuing,420129.5821,178935.7572,,
7/15/24,,7/17/24,7/1/24,Money Management,issuing,470044.7449,230739.7785,,
11/20/23,,11/24/23,11/1/23,Money Management,issuing,222757.3344,112296.5446,,
11/13/23,,11/19/23,11/1/23,Money Management,issuing,252539.6151,127310.4036,,
5/5/25,,5/6/25,5/1/25,Money Management,issuing,574928.3822,298397.2574,,
4/29/24,,4/30/24,4/1/24,Money Management,issuing,415037.472,226795.6567,,
4/8/24,,4/9/24,4/1/24,Money Management,issuing,388753.1309,212432.6779,,
3/16/26,,3/20/26,3/1/26,Money Management,issuing,,,621343.0714,277333.5585
9/8/25,,9/9/25,9/1/25,Money Management,issuing,584651.1803,253036.7961,,
9/8/25,,9/8/25,9/1/25,Money Management,issuing,466484.7487,201894.4119,,
1/9/23,,1/9/23,1/1/23,Money Management,issuing,167271.9791,62139.50868,,
10/13/25,,10/14/25,10/1/25,Money Management,issuing,613723.4031,261388.549,,
2/12/24,,2/12/24,2/1/24,Money Management,issuing,254489.998,135171.1648,,
10/2/23,,10/5/23,10/1/23,Money Management,issuing,344841.1521,186163.446,,
7/22/24,,7/24/24,7/1/24,Money Management,issuing,456943.5114,224308.5276,,
7/1/24,,7/2/24,7/1/24,Money Management,issuing,565337.528,277517.9542,,
11/20/23,,11/26/23,11/1/23,Money Management,issuing,253927.3177,128009.973,,
5/19/25,,5/25/25,5/1/25,Money Management,issuing,415990.7175,215906.0034,,
8/12/24,,8/14/24,8/1/24,Money Management,issuing,447641.9976,208695.4662,,
6/12/23,,6/18/23,6/1/23,Money Management,issuing,214143.739,116224.0388,,
12/30/24,,1/2/25,1/1/25,Money Management,issuing,496604.3718,163213.4415,,
11/18/24,,11/21/24,11/1/24,Money Management,issuing,504034.2699,263046.4914,,
2/16/26,,2/20/26,2/1/26,Money Management,issuing,740057.6988,347452.4744,654335.1852,296846.3056
1/2/23,,1/7/23,1/1/23,Money Management,issuing,304423.0928,113089.4817,,
3/25/24,,3/30/24,3/1/24,Money Management,issuing,394993.7887,199392.2054,,
8/11/25,,8/17/25,8/1/25,Money Management,issuing,422666.0787,184871.1107,,
10/20/25,,10/22/25,10/1/25,Money Management,issuing,634136.5047,270082.6137,,
2/26/24,,2/27/24,2/1/24,Money Management,issuing,357593.8021,189934.2652,,
2/19/24,,2/24/24,2/1/24,Money Management,issuing,408127.0368,216774.7549,,
7/14/25,,7/15/25,7/1/25,Money Management,issuing,518276.0504,234458.2791,,
11/13/23,,11/13/23,11/1/23,Money Management,issuing,219750.4537,110780.7143,,
11/3/25,,11/6/25,11/1/25,Money Management,issuing,727216.7101,364520.2721,,
2/3/25,,2/4/25,2/1/25,Money Management,issuing,577219.7292,303485.5378,,
12/16/24,,12/22/24,12/1/24,Money Management,issuing,427099.6525,193272.7891,,
9/2/24,,9/5/24,9/1/24,Money Management,issuing,497208.747,223786.0264,,
3/10/25,,3/14/25,3/1/25,Money Management,issuing,562319.0411,234586.3732,,
12/29/25,,1/2/26,1/1/26,Money Management,issuing,748642.782,329429.5866,807814.508,362227.5259
12/29/25,,1/1/26,1/1/26,Money Management,issuing,581046.3467,255681.1639,574282.359,257510.6983
3/31/25,,4/3/25,4/1/25,Money Management,issuing,634948.2789,286286.8621,,
4/17/23,,4/19/23,4/1/23,Money Management,issuing,337415.7388,179242.1005,,
4/10/23,,4/11/23,4/1/23,Money Management,issuing,280468.2638,148990.444,,
1/27/25,,1/31/25,1/1/25,Money Management,issuing,479028.7895,157437.0701,,
1/22/24,,1/23/24,1/1/24,Money Management,issuing,349545.1912,200238.1194,,
3/20/23,,3/26/23,3/1/23,Money Management,issuing,213162.4093,102124.8472,,
5/6/24,,5/12/24,5/1/24,Money Management,issuing,311914.75,148798.1278,,
9/18/23,,9/18/23,9/1/23,Money Management,issuing,223549.2922,79083.73412,,
8/28/23,,9/1/23,9/1/23,Money Management,issuing,326686.1394,115569.8573,,
11/27/23,,11/30/23,11/1/23,Money Management,issuing,413929.5391,208670.377,,
5/5/25,,5/5/25,5/1/25,Money Management,issuing,455131.003,236220.4533,,
10/14/24,,10/17/24,10/1/24,Money Management,issuing,514006.8323,200680.3737,,
2/13/23,,2/17/23,2/1/23,Money Management,issuing,308032.6511,111955.7665,,
3/23/26,,3/27/26,3/1/26,Money Management,issuing,,,562393.6173,251021.7468
3/9/26,,3/14/26,3/1/26,Money Management,issuing,659587.9501,294082.1706,616595.4643,275214.4864
9/8/25,,9/10/25,9/1/25,Money Management,issuing,633276.4431,274081.7903,,
1/13/25,,1/16/25,1/1/25,Money Management,issuing,460784.9434,151441.0679,,
1/6/25,,1/8/25,1/1/25,Money Management,issuing,449440.9653,147712.7687,,
1/6/25,,1/7/25,1/1/25,Money Management,issuing,429591.819,141189.1703,,
11/18/24,,11/20/24,11/1/24,Money Management,issuing,481299.6288,251181.6879,,
2/16/26,,2/16/26,2/1/26,Money Management,issuing,498961.6241,234259.3708,467531.6383,212100.8356
2/2/26,,2/6/26,2/1/26,Money Management,issuing,763361.5875,358393.5048,676640.0863,306965.1676
3/25/24,,3/26/24,3/1/24,Money Management,issuing,352355.5507,177868.494,,
1/29/24,,1/31/24,1/1/24,Money Management,issuing,398481.6827,228271.5505,,
5/27/24,,6/1/24,6/1/24,Money Management,issuing,456515.3334,232067.6361,,
2/12/24,,2/14/24,2/1/24,Money Management,issuing,383631.6607,203764.1512,,
12/18/23,,12/20/23,12/1/23,Money Management,issuing,366420.1073,121206.5313,,
10/14/24,,10/15/24,10/1/24,Money Management,issuing,481755.4644,188088.68,,
9/30/24,,10/1/24,10/1/24,Money Management,issuing,489135.2784,190969.9333,,
4/22/24,,4/24/24,4/1/24,Money Management,issuing,428191.1173,233983.4164,,
4/15/24,,4/18/24,4/1/24,Money Management,issuing,429528.8875,234714.4359,,
3/2/26,,3/4/26,3/1/26,Money Management,issuing,699582.2146,311913.9095,653982.8698,291902.179
12/16/24,,12/17/24,12/1/24,Money Management,issuing,518594.6637,234676.4659,,
9/16/24,,9/18/24,9/1/24,Money Management,issuing,455662.4777,205086.6882,,
11/11/24,,11/14/24,11/1/24,Money Management,issuing,489622.4312,255525.2099,,
1/2/23,,1/4/23,1/1/23,Money Management,issuing,273961.5915,101773.4039,,
2/26/24,,3/3/24,3/1/24,Money Management,issuing,429350.5926,216735.4627,,
6/24/24,,6/26/24,6/1/24,Money Management,issuing,454837.3199,231214.6251,,
6/3/24,,6/3/24,6/1/24,Money Management,issuing,457390.2123,232512.3771,,
5/20/24,,5/23/24,5/1/24,Money Management,issuing,442265.6493,210981.6885,,
8/12/24,,8/17/24,8/1/24,Money Management,issuing,466174.1781,217335.3661,,
7/10/23,,7/11/23,7/1/23,Money Management,issuing,308081.9925,188755.2961,,
7/3/23,,7/9/23,7/1/23,Money Management,issuing,219532.8745,134503.1314,,
6/26/23,,7/2/23,7/1/23,Money Management,issuing,322934.7002,197855.2348,,
4/8/24,,4/13/24,4/1/24,Money Management,issuing,431601.2563,235846.8739,,
11/24/25,,11/24/25,11/1/25,Money Management,issuing,539297.5533,270325.0464,,
2/6/23,,2/6/23,2/1/23,Money Management,issuing,183092.1008,66545.59643,,
3/2/26,,3/8/26,3/1/26,Money Management,issuing,677363.1788,302007.3879,633212.089,282631.2387
6/2/25,,6/7/25,6/1/25,Money Management,issuing,580032.0251,239453.226,,
4/14/25,,4/14/25,4/1/25,Money Management,issuing,419768.6726,189266.2128,,
11/18/24,,11/24/24,11/1/24,Money Management,issuing,376207.6687,196336.0692,,
2/16/26,,2/18/26,2/1/26,Money Management,issuing,683700.4871,320993.1149,621052.0906,281747.066
2/2/26,,2/7/26,2/1/26,Money Management,issuing,774757.013,363743.586,690580.6495,313289.4564
5/15/23,,5/19/23,5/1/23,Money Management,issuing,287746.126,150209.9703,,
1/16/23,,1/20/23,1/1/23,Money Management,issuing,251168.2449,93305.95246,,
6/10/24,,6/12/24,6/1/24,Money Management,issuing,451059.013,229293.9388,,
8/18/25,,8/19/25,8/1/25,Money Management,issuing,556800.6376,243540.6046,,
8/4/25,,8/10/25,8/1/25,Money Management,issuing,434818.9323,190186.6817,,
3/13/23,,3/14/23,3/1/23,Money Management,issuing,284360.9832,136235.6621,,
9/25/23,,9/28/23,9/1/23,Money Management,issuing,328216.7566,116111.3348,,
9/4/23,,9/9/23,9/1/23,Money Management,issuing,358566.6909,126848.0547,,
12/25/23,,12/30/23,12/1/23,Money Management,issuing,277054.0536,91645.51877,,
8/19/24,,8/23/24,8/1/24,Money Management,issuing,464318.6968,216470.321,,
7/31/23,,7/31/23,7/1/23,Money Management,issuing,226033.5624,138485.9649,,
11/24/25,,11/29/25,11/1/25,Money Management,issuing,679273.9578,340488.7766,,
12/23/24,,12/25/24,12/1/24,Money Management,issuing,371788.595,168243.2151,,
9/23/24,,9/25/24,9/1/24,Money Management,issuing,472370.0003,212606.4877,,
9/16/24,,9/16/24,9/1/24,Money Management,issuing,364316.3252,163973.1869,,
3/24/25,,3/24/25,3/1/25,Money Management,issuing,421425.9441,175809.0631,,
12/22/25,,12/27/25,12/1/25,Money Management,issuing,419422.5596,191307.9159,,
1/26/26,,1/29/26,1/1/26,Money Management,issuing,662659.5837,291593.9056,533287.218,239128.2994
6/26/23,,6/30/23,6/1/23,Money Management,issuing,317845.2144,172506.8158,,
1/6/25,,1/12/25,1/1/25,Money Management,issuing,307041.5917,100911.9486,,
1/6/25,,1/6/25,1/1/25,Money Management,issuing,342469.0469,112555.4967,,
2/9/26,,2/10/26,2/1/26,Money Management,issuing,651968.1769,306094.9932,554137.3872,251390.4798
3/4/24,,3/7/24,3/1/24,Money Management,issuing,415616.3997,209802.4651,,
1/15/24,,1/17/24,1/1/24,Money Management,issuing,349736.2119,200347.5463,,
2/5/24,,2/9/24,2/1/24,Money Management,issuing,410527.7726,218049.8945,,
12/11/23,,12/11/23,12/1/23,Money Management,issuing,258306.1914,85443.99409,,
8/28/23,,8/29/23,8/1/23,Money Management,issuing,313022.5405,215174.6223,,
8/21/23,,8/26/23,8/1/23,Money Management,issuing,368988.5551,253646.1842,,
8/14/23,,8/18/23,8/1/23,Money Management,issuing,369455.4952,253967.1632,,
7/24/23,,7/25/23,7/1/23,Money Management,issuing,294046.8327,180156.2517,,
6/26/23,,7/1/23,7/1/23,Money Management,issuing,354527.2655,217211.3288,,
2/3/25,,2/8/25,2/1/25,Money Management,issuing,603855.1243,317489.6628,,
12/8/25,,12/14/25,12/1/25,Money Management,issuing,527923.3932,240797.5485,,
4/24/23,,4/29/23,4/1/23,Money Management,issuing,375552.5351,199501.1421,,
4/3/23,,4/5/23,4/1/23,Money Management,issuing,340569.2699,180917.3204,,
6/5/23,,6/9/23,6/1/23,Money Management,issuing,318746.9638,172996.2299,,